8	232.8947368
8.001	232.518797
8.002	233.8972431
8.003	233.39599
8.004	233.5213033
8.005	233.0513784
8.006	232.5501253
8.007	232.5501253
8.008	231.2969925
8.009	232.6754386
8.01	232.6754386
8.011	232.0488722
8.012	232.5501253
8.013	233.39599
8.014	232.8007519
8.015	233.5526316
8.016	233.6779449
8.017	234.179198
8.018	233.6779449
8.019	233.9285714
8.02	233.8032581
8.021	232.424812
8.022	231.0463659
8.023	230.0438596
8.024	228.1641604
8.025	227.1929825
8.026	225.9711779
8.027	224.8746867
8.028	223.7468672
8.029	223.4962406
8.03	222.5250627
8.031	221.8984962
8.032	221.6478697
8.033	222.4937343
8.034	222.1177945
8.035	221.8671679
8.036	222.3684211
8.037	222.3684211
8.038	223.6215539
8.039	224.4987469
8.04	223.9974937
8.041	224.7493734
8.042	224.122807
8.043	225
8.044	225
8.045	225
8.046	226.3471178
8.047	225.7205514
8.048	225.8458647
8.049	228.1954887
8.05	228.4461153
8.051	229.197995
8.052	229.5739348
8.053	229.8245614
8.054	231.3283208
8.055	231.4536341
8.056	231.9548872
8.057	231.0776942
8.058	230.7017544
8.059	232.5814536
8.06	231.5789474
8.061	231.8295739
8.062	230.8270677
8.063	229.9498747
8.064	229.5739348
8.065	227.8508772
8.066	227.3809524
8.067	227.0050125
8.068	225.7518797
8.069	227.5062657
8.07	227.0050125
8.071	226.6290727
8.072	227.8508772
8.073	228.1954887
8.074	229.9185464
8.075	230.7957393
8.076	231.0463659
8.077	232.1741855
8.078	231.547619
8.079	233.1766917
8.08	233.5526316
8.081	234.179198
8.082	235.4323308
8.083	235.3070175
8.084	236.0588972
8.085	237.0300752
8.086	236.9047619
8.087	237.5313283
8.088	236.5288221
8.089	238.0325815
8.09	239.0350877
8.091	239.0350877
8.092	239.6616541
8.093	239.2857143
8.094	239.5050125
8.095	241.3533835
8.096	241.4786967
8.097	241.7293233
8.098	241.3533835
8.099	241.3533835
8.1	241.2280702
8.101	239.8496241
8.102	239.4736842
8.103	238.4711779
8.104	236.7481203
8.105	236.8734336
8.106	235.8709273
8.107	234.4924812
8.108	233.4899749
8.109	233.2393484
8.11	232.612782
8.111	232.3621554
8.112	232.7380952
8.113	233.2393484
8.114	232.8634085
8.115	233.3646617
8.116	234.4924812
8.117	234.1165414
8.118	234.6177945
8.119	234.9937343
8.12	234.2418546
8.121	234.2418546
8.122	233.7406015
8.123	233.4899749
8.124	232.2681704
8.125	230.6704261
8.126	230.5764411
8.127	230.075188
8.128	229.4486216
8.129	230.8270677
8.13	230.3258145
8.131	230.2005013
8.132	229.8245614
8.133	230.075188
8.134	229.9498747
8.135	229.197995
8.136	229.9498747
8.137	230.2005013
8.138	229.6992481
8.139	231.2030075
8.14	230.5764411
8.141	230.2005013
8.142	230.3258145
8.143	229.197995
8.144	229.4486216
8.145	228.9473684
8.146	227.9761905
8.147	227.8508772
8.148	226.7230576
8.149	228.6027569
8.15	228.4774436
8.151	228.8533835
8.152	230.1065163
8.153	230.5764411
8.154	231.547619
8.155	232.2994987
8.156	231.6729323
8.157	232.1741855
8.158	231.547619
8.159	232.1741855
8.16	232.0488722
8.161	230.6704261
8.162	230.7957393
8.163	230.0438596
8.164	228.9160401
8.165	228.7907268
8.166	227.6942356
8.167	227.5689223
8.168	225.8145363
8.169	226.3157895
8.17	226.3157895
8.171	224.9373434
8.172	225.0626566
8.173	224.9373434
8.174	224.8120301
8.175	225.6892231
8.176	225.5639098
8.177	225.1879699
8.178	224.6867168
8.179	225.1879699
8.18	225.6892231
8.181	225.6892231
8.182	225.4385965
8.183	225.9398496
8.184	225.3132832
8.185	225.1879699
8.186	224.8433584
8.187	225.093985
8.188	225.7205514
8.189	226.9736842
8.19	227.0989975
8.191	227.6002506
8.192	228.3521303
8.193	229.5739348
8.194	230.075188
8.195	231.0776942
8.196	232.7067669
8.197	232.8320802
8.198	232.9573935
8.199	233.9598997
8.2	233.3333333
8.201	233.8345865
8.202	232.4561404
8.203	232.2055138
8.204	231.9548872
8.205	230.952381
8.206	230.5764411
8.207	229.197995
8.208	228.1954887
8.209	229.8245614
8.21	229.197995
8.211	228.9473684
8.212	228.8220551
8.213	229.1666667
8.214	229.887218
8.215	230.0125313
8.216	231.1403509
8.217	231.3909774
8.218	230.6390977
8.219	232.2681704
8.22	231.7669173
8.221	232.518797
8.222	232.3934837
8.223	231.5162907
8.224	232.3934837
8.225	231.7982456
8.226	231.4536341
8.227	231.2030075
8.228	229.5739348
8.229	231.7042607
8.23	231.4536341
8.231	231.2030075
8.232	231.9548872
8.233	232.2055138
8.234	233.302005
8.235	233.4273183
8.236	233.5526316
8.237	234.9310777
8.238	234.179198
8.239	235.056391
8.24	235.3070175
8.241	234.9310777
8.242	235.933584
8.243	234.8057644
8.244	234.0538847
8.245	234.8997494
8.246	234.3045113
8.247	234.5551378
8.248	232.8007519
8.249	233.4273183
8.25	233.9285714
8.251	233.302005
8.252	233.9285714
8.253	234.0538847
8.254	234.4298246
8.255	235.6516291
8.256	234.8997494
8.257	235.1503759
8.258	234.7744361
8.259	234.7744361
8.26	235.1503759
8.261	233.8972431
8.262	233.6466165
8.263	234.0225564
8.264	232.6754386
8.265	232.1741855
8.266	231.7982456
8.267	231.2969925
8.268	231.4223058
8.269	232.2994987
8.27	233.0513784
8.271	233.4273183
8.272	233.5526316
8.273	234.3984962
8.274	234.8997494
8.275	235.6516291
8.276	236.4035088
8.277	236.1528822
8.278	236.4035088
8.279	237.1553885
8.28	236.9047619
8.281	237.2807018
8.282	236.1528822
8.283	235.4010025
8.284	234.7744361
8.285	233.4273183
8.286	233.5526316
8.287	232.6754386
8.288	231.2969925
8.289	232.1741855
8.29	231.0463659
8.291	231.0463659
8.292	230.7957393
8.293	230.5451128
8.294	230.9210526
8.295	230.9210526
8.296	232.0488722
8.297	232.424812
8.298	231.4223058
8.299	232.2994987
8.3	230.5451128
8.301	230.5451128
8.302	230.4197995
8.303	229.6679198
8.304	229.4172932
8.305	228.320802
8.306	227.6002506
8.307	227.7255639
8.308	226.0964912
8.309	227.7255639
8.31	227.2243108
8.311	226.6290727
8.312	226.8796992
8.313	226.8796992
8.314	226.8796992
8.315	227.0050125
8.316	226.2531328
8.317	227.0050125
8.318	226.8796992
8.319	227.8822055
8.32	227.6315789
8.321	226.8796992
8.322	226.8796992
8.323	226.754386
8.324	226.2531328
8.325	226.8483709
8.326	225.5012531
8.327	225.7518797
8.328	224.7493734
8.329	226.0025063
8.33	227.2243108
8.331	227.0989975
8.332	228.4461153
8.333	229.9185464
8.334	229.9185464
8.335	231.641604
8.336	232.3934837
8.337	232.7694236
8.338	233.1453634
8.339	233.7719298
8.34	234.273183
8.341	234.6491228
8.342	234.0225564
8.343	234.3984962
8.344	233.302005
8.345	233.302005
8.346	233.5526316
8.347	233.0513784
8.348	232.8007519
8.349	233.8032581
8.35	233.8032581
8.351	233.5526316
8.352	233.4273183
8.353	234.6491228
8.354	234.8997494
8.355	234.6491228
8.356	235.2756892
8.357	235.2756892
8.358	235.5263158
8.359	236.2781955
8.36	236.0275689
8.361	236.1528822
8.362	235.0250627
8.363	234.8997494
8.364	234.7744361
8.365	233.4273183
8.366	233.1766917
8.367	232.2994987
8.368	230.6704261
8.369	232.0488722
8.37	231.6729323
8.371	231.9235589
8.372	232.1741855
8.373	232.424812
8.374	233.2706767
8.375	233.1453634
8.376	234.3984962
8.377	234.6491228
8.378	233.8972431
8.379	234.8997494
8.38	235.5263158
8.381	235.4010025
8.382	235.1503759
8.383	234.273183
8.384	234.0225564
8.385	233.0513784
8.386	232.0802005
8.387	232.4561404
8.388	231.3283208
8.389	232.9573935
8.39	233.0827068
8.391	232.8320802
8.392	233.3333333
8.393	233.5839599
8.394	234.2105263
8.395	234.2105263
8.396	233.5839599
8.397	234.085213
8.398	233.3333333
8.399	233.0827068
8.4	233.2080201
8.401	232.3308271
8.402	232.2055138
8.403	232.2055138
8.404	231.3283208
8.405	231.4536341
8.406	230.8270677
8.407	230.3258145
8.408	229.0726817
8.409	229.6992481
8.41	230.2005013
8.411	229.8245614
8.412	230.3258145
8.413	232.0488722
8.414	232.518797
8.415	234.2418546
8.416	235.2443609
8.417	236.1215539
8.418	237.7192982
8.419	239.3483709
8.42	240.4761905
8.421	241.9799499
8.422	242.3558897
8.423	245.5827068
8.424	248.8095238
8.425	252.0676692
8.426	255.952381
8.427	258.8345865
8.428	261.4661654
8.429	265.6015038
8.43	268.6090226
8.431	271.6165414
8.432	273.245614
8.433	276.8796992
8.434	280.0125313
8.435	281.6102757
8.436	284.2105263
8.437	285.4636591
8.438	286.6854637
8.439	288.9097744
8.44	288.7844612
8.441	289.5050125
8.442	287.7819549
8.443	284.8057644
8.444	281.9235589
8.445	278.2894737
8.446	276.1591479
8.447	274.1541353
8.448	270.89599
8.449	271.0213033
8.45	269.0162907
8.451	267.8884712
8.452	266.5100251
8.453	264.6303258
8.454	264.7556391
8.455	263.2518797
8.456	262.1240602
8.457	261.0275689
8.458	259.4298246
8.459	259.3045113
8.46	257.9573935
8.461	256.5789474
8.462	256.0776942
8.463	254.8558897
8.464	254.2606516
8.465	252.6315789
8.466	250.6265664
8.467	249.8746867
8.468	246.9924812
8.469	247.4937343
8.47	247.1177945
8.471	245.4887218
8.472	246.3659148
8.473	246.6165414
8.474	247.1177945
8.475	247.3684211
8.476	247.4937343
8.477	248.0889724
8.478	249.3107769
8.479	252.2869674
8.48	256.7669173
8.481	261.8734336
8.482	268.2330827
8.483	276.2218045
8.484	283.9912281
8.485	291.2593985
8.486	297.3997494
8.487	304.5426065
8.488	310.1817043
8.489	317.1992481
8.49	324.4674185
8.491	329.8558897
8.492	335.4949875
8.493	341.5100251
8.494	346.3972431
8.495	351.8796992
8.496	355.764411
8.497	358.39599
8.498	359.3984962
8.499	359.3984962
8.5	357.1428571
8.501	353.6340852
8.502	347.2431078
8.503	341.8546366
8.504	336.5914787
8.505	331.5789474
8.506	326.9423559
8.507	322.3057644
8.508	317.5438596
8.509	314.5363409
8.51	310.0250627
8.511	305.6390977
8.512	301.2531328
8.513	298.6215539
8.514	295.8646617
8.515	293.4837093
8.516	291.3533835
8.517	288.8471178
8.518	285.9649123
8.519	284.3358396
8.52	281.735589
8.521	280.0125313
8.522	277.2869674
8.523	274.6867168
8.524	272.6817043
8.525	270.0501253
8.526	268.5463659
8.527	266.6666667
8.528	263.5338346
8.529	264.0350877
8.53	263.6591479
8.531	263.1578947
8.532	262.6566416
8.533	261.7794486
8.534	262.1553885
8.535	261.7794486
8.536	261.5288221
8.537	261.6541353
8.538	260.4323308
8.539	260.4323308
8.54	259.8057644
8.541	258.9285714
8.542	258.5526316
8.543	257.2055138
8.544	255.9837093
8.545	254.2293233
8.546	252.3496241
8.547	251.4724311
8.548	249.3421053
8.549	248.9661654
8.55	248.4649123
8.551	246.585213
8.552	246.2092732
8.553	245.0814536
8.554	245.0814536
8.555	245.9586466
8.556	245.112782
8.557	244.6115288
8.558	243.9849624
8.559	243.4837093
8.56	243.358396
8.561	242.481203
8.562	242.1052632
8.563	241.8546366
8.564	241.0087719
8.565	240.5388471
8.566	239.7869674
8.567	238.7844612
8.568	237.9072682
8.569	238.4085213
8.57	238.9097744
8.571	238.283208
8.572	238.283208
8.573	238.4085213
8.574	237.7819549
8.575	238.0325815
8.576	238.6591479
8.577	238.1578947
8.578	238.7844612
8.579	238.4085213
8.58	237.406015
8.581	237.406015
8.582	236.1528822
8.583	235.4010025
8.584	234.7744361
8.585	233.9285714
8.586	233.9285714
8.587	232.9260652
8.588	232.0488722
8.589	233.5526316
8.59	233.4273183
8.591	233.8032581
8.592	233.9285714
8.593	234.179198
8.594	235.2756892
8.595	235.745614
8.596	236.7481203
8.597	236.622807
8.598	236.622807
8.599	238.0012531
8.6	236.8734336
8.601	236.8734336
8.602	236.622807
8.603	235.8709273
8.604	235.3696742
8.605	234.5238095
8.606	234.0538847
8.607	233.8032581
8.608	231.9235589
8.609	233.1766917
8.61	232.6754386
8.611	232.1741855
8.612	232.6754386
8.613	231.7042607
8.614	231.9548872
8.615	232.3308271
8.616	232.2055138
8.617	232.7067669
8.618	232.2055138
8.619	233.9598997
8.62	233.9598997
8.621	233.8345865
8.622	233.7092732
8.623	233.2080201
8.624	232.7067669
8.625	232.4561404
8.626	231.1090226
8.627	231.2343358
8.628	230.6077694
8.629	231.1090226
8.63	231.4849624
8.631	230.858396
8.632	231.7042607
8.633	232.0802005
8.634	232.2055138
8.635	233.0827068
8.636	233.7092732
8.637	233.4586466
8.638	233.0827068
8.639	233.3333333
8.64	233.5839599
8.641	233.4586466
8.642	233.0827068
8.643	232.9573935
8.644	231.9548872
8.645	232.3308271
8.646	232.0802005
8.647	231.2030075
8.648	231.2030075
8.649	231.9548872
8.65	232.4561404
8.651	232.9573935
8.652	233.0827068
8.653	234.3045113
8.654	235.0250627
8.655	235.745614
8.656	237.2493734
8.657	237.5
8.658	237.8759398
8.659	238.377193
8.66	238.1265664
8.661	238.6278195
8.662	237.8759398
8.663	238.1265664
8.664	236.9987469
8.665	235.4010025
8.666	235.5263158
8.667	234.6491228
8.668	233.39599
8.669	234.6491228
8.67	234.0225564
8.671	234.0225564
8.672	234.273183
8.673	234.3984962
8.674	234.8997494
8.675	234.7744361
8.676	234.6491228
8.677	234.5238095
8.678	233.7719298
8.679	235.0250627
8.68	234.1478697
8.681	234.0225564
8.682	233.7719298
8.683	233.39599
8.684	233.6466165
8.685	232.8007519
8.686	232.4561404
8.687	232.8320802
8.688	231.0776942
8.689	233.0827068
8.69	233.4586466
8.691	232.5814536
8.692	232.8320802
8.693	232.5814536
8.694	233.302005
8.695	233.6779449
8.696	234.0538847
8.697	234.9310777
8.698	234.0538847
8.699	235.056391
8.7	235.4323308
8.701	234.8057644
8.702	235.056391
8.703	234.6804511
8.704	234.179198
8.705	234.3984962
8.706	233.4273183
8.707	233.6779449
8.708	232.424812
8.709	233.4273183
8.71	233.9285714
8.711	232.8320802
8.712	232.8320802
8.713	233.0827068
8.714	232.9573935
8.715	233.9598997
8.716	234.5864662
8.717	235.2130326
8.718	234.962406
8.719	234.8370927
8.72	235.0877193
8.721	234.2105263
8.722	233.0827068
8.723	232.9573935
8.724	231.2343358
8.725	230.858396
8.726	229.5112782
8.727	228.0388471
8.728	226.2844612
8.729	227.2869674
8.73	228.0075188
8.731	227.6315789
8.732	227.2556391
8.733	228.3521303
8.734	228.6967419
8.735	228.9473684
8.736	229.6992481
8.737	229.6992481
8.738	229.9498747
8.739	230.4511278
8.74	230.075188
8.741	230.7017544
8.742	230.2005013
8.743	230.075188
8.744	230.2005013
8.745	229.8245614
8.746	230.7957393
8.747	230.6704261
8.748	229.5426065
8.749	231.6729323
8.75	232.2994987
8.751	232.5501253
8.752	233.302005
8.753	233.4273183
8.754	234.3984962
8.755	234.7431078
8.756	235.8709273
8.757	236.4974937
8.758	235.8709273
8.759	237.1240602
8.76	236.9987469
8.761	236.1215539
8.762	236.4974937
8.763	235.4949875
8.764	235.8709273
8.765	234.8997494
8.766	234.6491228
8.767	234.6491228
8.768	232.3934837
8.769	233.8972431
8.77	234.3984962
8.771	233.1766917
8.772	233.5526316
8.773	233.0513784
8.774	233.302005
8.775	233.7719298
8.776	233.6466165
8.777	235.0250627
8.778	235.2756892
8.779	236.1528822
8.78	237.1553885
8.781	235.7769424
8.782	235.4010025
8.783	234.7744361
8.784	233.8972431
8.785	233.5526316
8.786	232.6754386
8.787	232.9260652
8.788	231.6729323
8.789	232.424812
8.79	233.7719298
8.791	233.39599
8.792	233.7719298
8.793	234.7744361
8.794	234.6804511
8.795	236.1528822
8.796	236.1528822
8.797	236.2781955
8.798	236.9047619
8.799	236.9047619
8.8	237.9072682
8.801	238.1578947
8.802	237.6566416
8.803	237.9072682
8.804	237.2807018
8.805	236.6854637
8.806	236.1842105
8.807	235.4323308
8.808	234.5551378
8.809	234.6804511
8.81	234.8057644
8.811	234.5551378
8.812	234.0538847
8.813	234.7744361
8.814	234.3984962
8.815	234.273183
8.816	234.7744361
8.817	234.7744361
8.818	234.6491228
8.819	235.1503759
8.82	234.0225564
8.821	233.6466165
8.822	232.6441103
8.823	231.8922306
8.824	231.8922306
8.825	230.6704261
8.826	230.075188
8.827	228.9786967
8.828	227.5062657
8.829	229.1353383
8.83	229.0100251
8.831	228.1641604
8.832	228.1641604
8.833	228.1641604
8.834	229.3859649
8.835	229.3859649
8.836	228.8847118
8.837	229.1353383
8.838	228.6340852
8.839	230.2631579
8.84	229.7619048
8.841	229.1353383
8.842	229.1353383
8.843	227.8822055
8.844	228.2581454
8.845	228.3834586
8.846	228.0075188
8.847	228.4774436
8.848	226.4724311
8.849	227.7255639
8.85	228.9473684
8.851	228.320802
8.852	229.0726817
8.853	229.197995
8.854	230.0438596
8.855	231.2656642
8.856	231.2656642
8.857	231.5162907
8.858	231.0150376
8.859	232.3934837
8.86	233.1453634
8.861	232.518797
8.862	232.518797
8.863	231.7669173
8.864	231.1403509
8.865	231.0150376
8.866	230.1691729
8.867	230.5451128
8.868	230.0438596
8.869	230.9210526
8.87	232.1741855
8.871	231.0776942
8.872	230.8270677
8.873	231.3283208
8.874	230.858396
8.875	231.8609023
8.876	232.7380952
8.877	232.2368421
8.878	232.3621554
8.879	232.612782
8.88	232.8634085
8.881	232.2368421
8.882	231.2343358
8.883	230.6077694
8.884	229.981203
8.885	229.8558897
8.886	229.4799499
8.887	228.4774436
8.888	227.0989975
8.889	227.7255639
8.89	228.5714286
8.891	228.6967419
8.892	228.1954887
8.893	228.9160401
8.894	229.3859649
8.895	229.5112782
8.896	231.5162907
8.897	231.2656642
8.898	231.1403509
8.899	232.518797
8.9	232.518797
8.901	232.7694236
8.902	232.7694236
8.903	232.0175439
8.904	231.3909774
8.905	230.2944862
8.906	230.075188
8.907	229.6992481
8.908	228.320802
8.909	229.9498747
8.91	229.9498747
8.911	229.4799499
8.912	230.1065163
8.913	229.981203
8.914	230.8270677
8.915	231.0463659
8.916	231.547619
8.917	231.9235589
8.918	230.7957393
8.919	231.9235589
8.92	232.1741855
8.921	231.6729323
8.922	231.9235589
8.923	231.4223058
8.924	231.0463659
8.925	230.2944862
8.926	229.4486216
8.927	229.9498747
8.928	228.320802
8.929	229.197995
8.93	230.1691729
8.931	228.9473684
8.932	229.4486216
8.933	229.4486216
8.934	229.4486216
8.935	230.6704261
8.936	231.547619
8.937	232.424812
8.938	232.6754386
8.939	233.1766917
8.94	233.5526316
8.941	233.0513784
8.942	232.8007519
8.943	232.6754386
8.944	232.1741855
8.945	232.1741855
8.946	231.2969925
8.947	230.9210526
8.948	230.4197995
8.949	231.2969925
8.95	232.518797
8.951	232.3934837
8.952	232.8947368
8.953	234.3984962
8.954	234.273183
8.955	234.5238095
8.956	234.8997494
8.957	234.7744361
8.958	234.8997494
8.959	235.2756892
8.96	235.7769424
8.961	235.6516291
8.962	235.2756892
8.963	235.4010025
8.964	234.8997494
8.965	233.9285714
8.966	233.5839599
8.967	232.612782
8.968	230.858396
8.969	231.9862155
8.97	232.1115288
8.971	231.3596491
8.972	230.4824561
8.973	230.6077694
8.974	230.7017544
8.975	230.5764411
8.976	231.5789474
8.977	231.4536341
8.978	230.952381
8.979	231.3283208
8.98	231.2030075
8.981	230.4511278
8.982	229.9498747
8.983	229.9498747
8.984	230.5764411
8.985	229.9498747
8.986	229.6992481
8.987	230.3258145
8.988	228.5714286
8.989	230.2005013
8.99	231.0776942
8.991	230.5764411
8.992	231.3283208
8.993	232.2055138
8.994	233.302005
8.995	233.7719298
8.996	234.273183
8.997	235.2756892
8.998	235.1503759
8.999	236.2781955
9	237.406015
9.001	236.5288221
9.002	236.1528822
9.003	234.7744361
9.004	234.1478697
9.005	234.4924812
9.006	233.2706767
9.007	233.39599
9.008	231.8922306
9.009	233.1453634
9.01	234.1478697
9.011	233.1453634
9.012	232.7694236
9.013	233.5213033
9.014	233.1766917
9.015	233.6779449
9.016	233.4273183
9.017	233.4273183
9.018	232.9260652
9.019	232.8007519
9.02	233.302005
9.021	232.0488722
9.022	231.1716792
9.023	231.2969925
9.024	229.9498747
9.025	229.9498747
9.026	229.3546366
9.027	228.5087719
9.028	227.0050125
9.029	228.0075188
9.03	228.5087719
9.031	228.3834586
9.032	227.5062657
9.033	228.1015038
9.034	227.9761905
9.035	227.9761905
9.036	229.10401
9.037	228.8533835
9.038	228.7280702
9.039	229.2293233
9.04	229.3546366
9.041	229.981203
9.042	229.2293233
9.043	229.10401
9.044	228.226817
9.045	227.6002506
9.046	227.4749373
9.047	226.6290727
9.048	224.8746867
9.049	226.6290727
9.05	226.754386
9.051	226.6290727
9.052	226.8796992
9.053	227.4749373
9.054	229.0726817
9.055	229.0726817
9.056	230.2005013
9.057	231.0776942
9.058	230.2005013
9.059	231.7042607
9.06	231.3283208
9.061	231.0776942
9.062	231.3283208
9.063	231.0776942
9.064	230.4511278
9.065	230.3258145
9.066	230.3258145
9.067	229.8245614
9.068	227.5689223
9.069	229.0726817
9.07	229.8245614
9.071	228.6027569
9.072	229.3546366
9.073	229.10401
9.074	229.3546366
9.075	229.8558897
9.076	229.6052632
9.077	231.1090226
9.078	230.3571429
9.079	230.9837093
9.08	231.4849624
9.081	229.8558897
9.082	229.6052632
9.083	229.3546366
9.084	228.226817
9.085	227.4749373
9.086	226.754386
9.087	226.5350877
9.088	224.906015
9.089	225.6578947
9.09	226.8796992
9.091	225.6578947
9.092	225.5325815
9.093	226.6290727
9.094	226.8483709
9.095	228.1954887
9.096	227.9448622
9.097	228.1954887
9.098	227.9448622
9.099	227.9448622
9.1	228.8220551
9.101	228.5714286
9.102	228.4461153
9.103	228.5714286
9.104	227.6942356
9.105	227.443609
9.106	228.0388471
9.107	227.7882206
9.108	226.7857143
9.109	227.7882206
9.11	229.2606516
9.111	229.2606516
9.112	229.0100251
9.113	229.7619048
9.114	229.887218
9.115	231.0150376
9.116	232.3934837
9.117	233.0200501
9.118	233.0200501
9.119	234.1478697
9.12	234.0225564
9.121	233.8972431
9.122	233.6466165
9.123	233.5213033
9.124	234.0225564
9.125	232.6754386
9.126	233.4273183
9.127	233.1766917
9.128	231.9235589
9.129	233.4273183
9.13	234.0538847
9.131	233.8032581
9.132	234.0538847
9.133	234.0538847
9.134	235.0250627
9.135	234.7744361
9.136	235.4010025
9.137	236.4035088
9.138	235.7769424
9.139	237.406015
9.14	237.1553885
9.141	236.9047619
9.142	237.6566416
9.143	236.6541353
9.144	236.4035088
9.145	235.3070175
9.146	234.8370927
9.147	235.5889724
9.148	233.8345865
9.149	235.3383459
9.15	236.2155388
9.151	235.4636591
9.152	236.0902256
9.153	236.2155388
9.154	236.8107769
9.155	237.3120301
9.156	236.9360902
9.157	236.9360902
9.158	236.1842105
9.159	236.8107769
9.16	237.0614035
9.161	235.3070175
9.162	234.8057644
9.163	234.3045113
9.164	232.6754386
9.165	231.7982456
9.166	229.8245614
9.167	228.9786967
9.168	227.9761905
9.169	228.3521303
9.17	228.9786967
9.171	228.3521303
9.172	227.8508772
9.173	228.8533835
9.174	228.6027569
9.175	229.6052632
9.176	230.4824561
9.177	230.6077694
9.178	230.858396
9.179	231.3596491
9.18	232.3621554
9.181	232.3621554
9.182	231.8609023
9.183	232.7380952
9.184	232.2368421
9.185	232.2368421
9.186	232.2368421
9.187	230.764411
9.188	229.6365915
9.189	230.8897243
9.19	230.4197995
9.191	229.9185464
9.192	229.5426065
9.193	230.3884712
9.194	230.2631579
9.195	229.887218
9.196	230.2631579
9.197	229.5112782
9.198	228.3834586
9.199	228.6340852
9.2	227.8822055
9.201	227.5062657
9.202	226.3784461
9.203	225.5012531
9.204	224.4987469
9.205	222.9949875
9.206	222.6190476
9.207	222.1177945
9.208	220.3634085
9.209	222.2117794
9.21	222.3370927
9.211	221.1152882
9.212	221.2406015
9.213	221.1152882
9.214	221.9924812
9.215	222.3684211
9.216	223.4962406
9.217	224.7493734
9.218	223.9974937
9.219	225.1253133
9.22	225.5012531
9.221	225.1253133
9.222	226.2531328
9.223	225.3759398
9.224	225.3759398
9.225	225
9.226	224.0288221
9.227	223.6528822
9.228	221.8984962
9.229	223.1516291
9.23	224.3734336
9.231	223.7468672
9.232	225.2192982
9.233	226.1904762
9.234	227.4122807
9.235	228.7593985
9.236	228.8847118
9.237	230.1378446
9.238	230.5137845
9.239	231.2656642
9.24	232.518797
9.241	231.7669173
9.242	232.7694236
9.243	233.39599
9.244	233.1453634
9.245	234.1165414
9.246	233.7719298
9.247	234.273183
9.248	233.8972431
9.249	234.8997494
9.25	235.9022556
9.251	235.5263158
9.252	235.2756892
9.253	235.4010025
9.254	234.8057644
9.255	235.5576441
9.256	236.7794486
9.257	236.6541353
9.258	237.2807018
9.259	236.9047619
9.26	236.6541353
9.261	236.2781955
9.262	234.8997494
9.263	234.6491228
9.264	233.1766917
9.265	232.0488722
9.266	231.547619
9.267	230.6704261
9.268	229.9185464
9.269	230.6704261
9.27	230.4197995
9.271	230.1691729
9.272	230.0438596
9.273	230.6390977
9.274	231.6102757
9.275	230.764411
9.276	232.1115288
9.277	231.6102757
9.278	231.8609023
9.279	233.6152882
9.28	233.8659148
9.281	234.3671679
9.282	234.7431078
9.283	234.8684211
9.284	235.9962406
9.285	235.0250627
9.286	235.1503759
9.287	235.1503759
9.288	233.8972431
9.289	235.5263158
9.29	236.0275689
9.291	235.4010025
9.292	235.9022556
9.293	235.9022556
9.294	237.2493734
9.295	236.7794486
9.296	236.7794486
9.297	237.6566416
9.298	236.5288221
9.299	237.5313283
9.3	237.7819549
9.301	236.2781955
9.302	236.5288221
9.303	235.4010025
9.304	235.2756892
9.305	234.4298246
9.306	232.7067669
9.307	232.5814536
9.308	231.0776942
9.309	231.8295739
9.31	232.9573935
9.311	231.4849624
9.312	231.1090226
9.313	230.6077694
9.314	229.981203
9.315	231.1090226
9.316	230.6077694
9.317	230.4824561
9.318	229.10401
9.319	228.8533835
9.32	229.4799499
9.321	227.6002506
9.322	226.4724311
9.323	225.9711779
9.324	224.7180451
9.325	224.7180451
9.326	223.7468672
9.327	222.6503759
9.328	221.3972431
9.329	221.5225564
9.33	222.4937343
9.331	222.6190476
9.332	222.6190476
9.333	224.4674185
9.334	224.216792
9.335	224.9686717
9.336	225.5952381
9.337	225.9711779
9.338	226.4724311
9.339	226.7230576
9.34	227.2243108
9.341	227.7255639
9.342	227.2243108
9.343	227.7255639
9.344	226.9736842
9.345	226.3471178
9.346	226.5977444
9.347	226.3471178
9.348	225.5952381
9.349	227.4749373
9.35	227.4749373
9.351	227.9761905
9.352	228.1015038
9.353	229.0726817
9.354	229.7932331
9.355	230.1691729
9.356	231.7982456
9.357	232.424812
9.358	232.8007519
9.359	234.6804511
9.36	234.5551378
9.361	234.4298246
9.362	234.0538847
9.363	233.6779449
9.364	233.6779449
9.365	233.0513784
9.366	232.4561404
9.367	232.5814536
9.368	230.8270677
9.369	233.0827068
9.37	233.7092732
9.371	233.2080201
9.372	234.3358396
9.373	234.8370927
9.374	236.1842105
9.375	236.7794486
9.376	237.1553885
9.377	238.4085213
9.378	237.7819549
9.379	239.6616541
9.38	241.1654135
9.381	240.6641604
9.382	241.5413534
9.383	241.5413534
9.384	241.1654135
9.385	241.2907268
9.386	240.4448622
9.387	240.5701754
9.388	239.3170426
9.389	240.6954887
9.39	242.1992481
9.391	240.820802
9.392	240.6954887
9.393	241.3220551
9.394	241.0714286
9.395	241.7919799
9.396	242.387218
9.397	243.1390977
9.398	242.5125313
9.399	242.1365915
9.4	242.7631579
9.401	241.8859649
9.402	241.5100251
9.403	241.6353383
9.404	240.8834586
9.405	241.1027569
9.406	240.9774436
9.407	239.5989975
9.408	238.0952381
9.409	238.0952381
9.41	238.5964912
9.411	238.5964912
9.412	237.593985
9.413	237.7192982
9.414	237.593985
9.415	237.3433584
9.416	237.593985
9.417	237.0927318
9.418	236.3408521
9.419	236.8421053
9.42	235.9649123
9.421	235.4636591
9.422	234.085213
9.423	233.4586466
9.424	231.9862155
9.425	229.887218
9.426	229.887218
9.427	228.7593985
9.428	227.1303258
9.429	228.1328321
9.43	227.8822055
9.431	227.7568922
9.432	227.8822055
9.433	227.7568922
9.434	227.8822055
9.435	227.5062657
9.436	228.2581454
9.437	228.8847118
9.438	228.1328321
9.439	229.5112782
9.44	229.6365915
9.441	229.3859649
9.442	229.2606516
9.443	228.6340852
9.444	229.3859649
9.445	227.9135338
9.446	227.1929825
9.447	226.9423559
9.448	225.4385965
9.449	226.4411028
9.45	226.8170426
9.451	225.3446115
9.452	226.0964912
9.453	225.7205514
9.454	226.0964912
9.455	226.2218045
9.456	226.2218045
9.457	227.0989975
9.458	226.9736842
9.459	227.7255639
9.46	228.6027569
9.461	227.4749373
9.462	227.2243108
9.463	226.2218045
9.464	225.9711779
9.465	225.8458647
9.466	225.2506266
9.467	225
9.468	223.9974937
9.469	224.7493734
9.47	226.9736842
9.471	226.5977444
9.472	227.3496241
9.473	228.6967419
9.474	229.0726817
9.475	230.6704261
9.476	231.4223058
9.477	231.547619
9.478	231.547619
9.479	232.5501253
9.48	234.179198
9.481	234.6804511
9.482	234.5551378
9.483	235.8082707
9.484	235.4323308
9.485	235.8082707
9.486	236.0588972
9.487	235.3383459
9.488	235.3383459
9.489	236.3408521
9.49	236.8421053
9.491	236.716792
9.492	236.3408521
9.493	238.0639098
9.494	237.9385965
9.495	237.5626566
9.496	238.5651629
9.497	238.6904762
9.498	238.6904762
9.499	238.9411028
9.5	238.4398496
9.501	238.0639098
9.502	236.5601504
9.503	236.1842105
9.504	235.4323308
9.505	234.085213
9.506	234.3045113
9.507	233.302005
9.508	231.1716792
9.509	232.5501253
9.51	233.0513784
9.511	232.8007519
9.512	232.1741855
9.513	232.424812
9.514	233.5213033
9.515	233.39599
9.516	234.1478697
9.517	234.7744361
9.518	234.1478697
9.519	235.7769424
9.52	236.1528822
9.521	235.6516291
9.522	236.2781955
9.523	235.5263158
9.524	236.2781955
9.525	236.5288221
9.526	236.5288221
9.527	237.1553885
9.528	235.5263158
9.529	237.2807018
9.53	238.283208
9.531	237.7819549
9.532	239.0350877
9.533	239.7869674
9.534	240.8834586
9.535	242.2305764
9.536	241.9799499
9.537	243.7030075
9.538	243.0764411
9.539	244.3295739
9.54	245.4573935
9.541	244.4548872
9.542	244.5802005
9.543	243.5776942
9.544	242.6065163
9.545	242.3558897
9.546	241.1340852
9.547	240.7581454
9.548	239.1290727
9.549	239.7556391
9.55	241.0087719
9.551	239.3796992
9.552	238.8784461
9.553	239.0037594
9.554	237.7819549
9.555	238.0325815
9.556	237.9385965
9.557	237.5626566
9.558	236.5601504
9.559	236.3095238
9.56	236.1842105
9.561	235.1817043
9.562	234.3045113
9.563	233.302005
9.564	231.8295739
9.565	231.2030075
9.566	230.952381
9.567	229.8245614
9.568	228.5714286
9.569	228.8220551
9.57	229.6992481
9.571	230.2005013
9.572	231.0776942
9.573	233.0513784
9.574	234.5238095
9.575	235.6203008
9.576	238.5964912
9.577	241.0714286
9.578	243.4210526
9.579	247.5250627
9.58	249.7807018
9.581	251.7857143
9.582	253.7593985
9.583	256.4849624
9.584	259.085213
9.585	260.7142857
9.586	264.0977444
9.587	266.1027569
9.588	267.481203
9.589	270.8646617
9.59	272.6190476
9.591	273.3709273
9.592	274.3734336
9.593	275.877193
9.594	277.6315789
9.595	278.0075188
9.596	277.8822055
9.597	277.1303258
9.598	274.7807018
9.599	275.2506266
9.6	274.4987469
9.601	273.0263158
9.602	271.679198
9.603	268.7030075
9.604	266.3533835
9.605	262.8446115
9.606	260.3383459
9.607	257.9573935
9.608	254.0726817
9.609	253.8220551
9.61	252.6942356
9.611	250.4385965
9.612	249.8120301
9.613	248.3082707
9.614	247.4310777
9.615	246.679198
9.616	245.7080201
9.617	245.8333333
9.618	244.7368421
9.619	245.3634085
9.62	245.8646617
9.621	244.3609023
9.622	245.112782
9.623	245.3634085
9.624	245.1441103
9.625	245.5200501
9.626	245.3947368
9.627	246.0213033
9.628	244.7681704
9.629	246.0213033
9.63	247.6503759
9.631	246.773183
9.632	247.1491228
9.633	248.6528822
9.634	249.7807018
9.635	250.7518797
9.636	251.3471178
9.637	252.2243108
9.638	252.2243108
9.639	252.2243108
9.64	252.4749373
9.641	251.4724311
9.642	250.3446115
9.643	249.7180451
9.644	248.3709273
9.645	247.7443609
9.646	247.3684211
9.647	246.3659148
9.648	245.4887218
9.649	246.3659148
9.65	246.3659148
9.651	245.7393484
9.652	244.8621554
9.653	244.8621554
9.654	245.9899749
9.655	245.9899749
9.656	246.8358396
9.657	246.4598997
9.658	246.4598997
9.659	247.3370927
9.66	247.5877193
9.661	248.5902256
9.662	250.6892231
9.663	253.414787
9.664	256.0463659
9.665	258.6779449
9.666	261.6854637
9.667	264.066416
9.668	265.0689223
9.669	269.4548872
9.67	272.3370927
9.671	274.3421053
9.672	277.4749373
9.673	279.8558897
9.674	283.2393484
9.675	284.8684211
9.676	287.2180451
9.677	289.5676692
9.678	291.0401003
9.679	294.141604
9.68	295.3634085
9.681	294.0162907
9.682	292.8884712
9.683	290.5075188
9.684	286.7794486
9.685	284.1478697
9.686	280.764411
9.687	278.8847118
9.688	275
9.689	274.6240602
9.69	273.8721805
9.691	270.7393484
9.692	269.6115288
9.693	267.8571429
9.694	266.8546366
9.695	266.2280702
9.696	264.4736842
9.697	263.4711779
9.698	260.9962406
9.699	259.8997494
9.7	260.3696742
9.701	259.7431078
9.702	260.9962406
9.703	263.7218045
9.704	264.9749373
9.705	267.3558897
9.706	268.2330827
9.707	269.9874687
9.708	270.7393484
9.709	272.8696742
9.71	275.5012531
9.711	275.877193
9.712	276.6290727
9.713	278.7593985
9.714	279.7619048
9.715	281.8922306
9.716	283.5213033
9.717	284.8684211
9.718	286.0902256
9.719	286.716792
9.72	286.2468672
9.721	284.9937343
9.722	283.7406015
9.723	283.3646617
9.724	282.2368421
9.725	281.3596491
9.726	280.9837093
9.727	279.981203
9.728	278.8533835
9.729	280.4824561
9.73	281.4849624
9.731	281.9862155
9.732	281.9862155
9.733	283.1140351
9.734	284.1165414
9.735	284.4924812
9.736	286.2468672
9.737	286.3721805
9.738	285.8709273
9.739	287.3433584
9.74	286.8734336
9.741	285.745614
9.742	284.4924812
9.743	282.612782
9.744	281.4849624
9.745	278.2581454
9.746	276.1278195
9.747	274.122807
9.748	270.2380952
9.749	269.4862155
9.75	267.7318296
9.751	265.2255639
9.752	263.7218045
9.753	261.3408521
9.754	260.4636591
9.755	258.3333333
9.756	256.735589
9.757	255.5137845
9.758	252.9135338
9.759	252.1616541
9.76	250.5639098
9.761	247.7130326
9.762	246.7418546
9.763	244.3922306
9.764	243.1390977
9.765	241.6666667
9.766	239.8182957
9.767	239.1917293
9.768	237.3120301
9.769	238.4398496
9.77	239.8182957
9.771	238.8157895
9.772	240.4448622
9.773	241.1967419
9.774	240.9774436
9.775	242.4498747
9.776	242.8258145
9.777	243.452381
9.778	243.5776942
9.779	244.3295739
9.78	245.4573935
9.781	244.5802005
9.782	244.4548872
9.783	245.2067669
9.784	244.8308271
9.785	245.1754386
9.786	244.4235589
9.787	243.9223058
9.788	242.4185464
9.789	242.1679198
9.79	242.7944862
9.791	241.4160401
9.792	240.5388471
9.793	242.6378446
9.794	242.387218
9.795	242.9824561
9.796	243.5776942
9.797	242.8258145
9.798	242.9511278
9.799	243.5776942
9.8	244.0789474
9.801	243.9536341
9.802	242.575188
9.803	242.0739348
9.804	240.8521303
9.805	240.1315789
9.806	239.160401
9.807	237.9385965
9.808	236.6854637
9.809	237.5626566
9.81	237.1867168
9.811	236.9360902
9.812	235.4323308
9.813	235.5576441
9.814	235.8082707
9.815	235.0877193
9.816	236.0902256
9.817	235.839599
9.818	235.0877193
9.819	236.2155388
9.82	235.5889724
9.821	235.3383459
9.822	234.7117794
9.823	233.5839599
9.824	233.2080201
9.825	232.7067669
9.826	232.4561404
9.827	231.9548872
9.828	229.9498747
9.829	231.8295739
9.83	231.9548872
9.831	231.4536341
9.832	231.9548872
9.833	232.2055138
9.834	233.8032581
9.835	234.3984962
9.836	234.1478697
9.837	234.8997494
9.838	234.0225564
9.839	235.7769424
9.84	235.9022556
9.841	235.1503759
9.842	235.7769424
9.843	235.2756892
9.844	234.273183
9.845	233.7719298
9.846	233.5213033
9.847	234.273183
9.848	232.1428571
9.849	233.0200501
9.85	234.273183
9.851	233.2706767
9.852	233.5213033
9.853	233.39599
9.854	233.39599
9.855	235.1190476
9.856	234.7431078
9.857	234.7431078
9.858	234.3671679
9.859	234.9937343
9.86	235.8709273
9.861	234.8684211
9.862	234.6177945
9.863	235.2443609
9.864	234.6177945
9.865	233.8972431
9.866	232.424812
9.867	231.8295739
9.868	231.2030075
9.869	231.8295739
9.87	232.3308271
9.871	232.2055138
9.872	232.0802005
9.873	233.4586466
9.874	233.7092732
9.875	234.5864662
9.876	235.933584
9.877	235.3070175
9.878	235.3070175
9.879	235.933584
9.88	236.5601504
9.881	236.5601504
9.882	235.5576441
9.883	235.5576441
9.884	235.5576441
9.885	235.056391
9.886	235.9022556
9.887	234.7744361
9.888	233.8972431
9.889	235.9022556
9.89	236.2781955
9.891	236.5288221
9.892	236.4035088
9.893	236.1528822
9.894	236.9987469
9.895	236.7481203
9.896	237.6253133
9.897	238.377193
9.898	238.0012531
9.899	239.8809524
9.9	239.5050125
9.901	239.5050125
9.902	239.7556391
9.903	238.6278195
9.904	238.6278195
9.905	237.5313283
9.906	237.4373434
9.907	236.8107769
9.908	234.4298246
9.909	235.5576441
9.91	235.933584
9.911	234.5551378
9.912	234.9310777
9.913	234.8057644
9.914	235.3070175
9.915	236.2781955
9.916	236.6541353
9.917	237.6566416
9.918	236.1528822
9.919	237.0300752
9.92	237.406015
9.921	235.7769424
9.922	235.7769424
9.923	235.0250627
9.924	234.1478697
9.925	234.1478697
9.926	233.1766917
9.927	232.9260652
9.928	231.1716792
9.929	231.4223058
9.93	232.6754386
9.931	231.4536341
9.932	231.5789474
9.933	232.0802005
9.934	231.6102757
9.935	232.3308271
9.936	232.2055138
9.937	232.4561404
9.938	232.2055138
9.939	232.3308271
9.94	232.5814536
9.941	232.3308271
9.942	232.3308271
9.943	231.8295739
9.944	229.8245614
9.945	229.5739348
9.946	229.3546366
9.947	228.1328321
9.948	227.7568922
9.949	228.7593985
9.95	230.1065163
9.951	229.6052632
9.952	229.10401
9.953	229.6992481
9.954	229.2293233
9.955	229.6052632
9.956	230.3571429
9.957	229.981203
9.958	230.1065163
9.959	231.6102757
9.96	231.3596491
9.961	230.858396
9.962	230.7330827
9.963	230.1065163
9.964	229.981203
9.965	228.7280702
9.966	229.5739348
9.967	229.3233083
9.968	227.443609
9.969	228.9473684
9.97	229.3233083
9.971	229.4486216
9.972	229.4486216
9.973	230.0438596
9.974	230.8897243
9.975	231.3909774
9.976	233.0200501
9.977	233.1453634
9.978	232.3934837
9.979	233.8972431
9.98	233.7719298
9.981	233.5213033
9.982	234.5238095
9.983	233.8972431
9.984	234.1478697
9.985	233.1766917
9.986	232.0802005
9.987	232.2055138
9.988	229.8245614
9.989	230.952381
9.99	231.4536341
9.991	230.952381
9.992	230.952381
9.993	230.7017544
9.994	231.2969925
9.995	231.1716792
9.996	231.6729323
9.997	232.1741855
9.998	231.1716792
9.999	231.9235589
10	232.1741855
10.001	231.2969925
10.002	231.1716792
10.003	230.5451128
10.004	230.2944862
10.005	230.2944862
10.006	229.4486216
10.007	229.6992481
10.008	228.9473684
10.009	229.6992481
10.01	231.3283208
10.011	231.2030075
10.012	232.3308271
10.013	232.9573935
10.014	233.9285714
10.015	234.6804511
10.016	235.056391
10.017	235.3070175
10.018	235.933584
10.019	236.9360902
10.02	237.8132832
10.021	237.3120301
10.022	236.8107769
10.023	236.8107769
10.024	235.8082707
10.025	235.4323308
10.026	235.056391
10.027	234.179198
10.028	232.8007519
10.029	233.1766917
10.03	233.9285714
10.031	233.5526316
10.032	232.6754386
10.033	233.0513784
10.034	233.2706767
10.035	234.1478697
10.036	235.8709273
10.037	235.745614
10.038	235.6203008
10.039	236.9987469
10.04	237.1240602
10.041	237.3746867
10.042	236.4974937
10.043	236.1215539
10.044	235.2443609
10.045	234.1478697
10.046	233.5526316
10.047	232.9573935
10.048	231.0776942
10.049	231.9548872
10.05	231.4536341
10.051	231.4536341
10.052	230.7017544
10.053	230.7017544
10.054	231.1716792
10.055	230.3258145
10.056	230.075188
10.057	230.075188
10.058	228.8220551
10.059	229.9498747
10.06	230.075188
10.061	229.6992481
10.062	229.6992481
10.063	229.197995
10.064	229.3233083
10.065	228.9473684
10.066	228.8220551
10.067	229.3233083
10.068	227.6942356
10.069	229.3233083
10.07	230.4511278
10.071	230.4511278
10.072	231.5789474
10.073	231.5789474
10.074	232.2994987
10.075	233.4273183
10.076	233.4273183
10.077	233.8032581
10.078	233.5526316
10.079	234.5551378
10.08	235.1817043
10.081	234.0538847
10.082	234.5551378
10.083	233.6779449
10.084	232.8007519
10.085	231.9235589
10.086	231.0776942
10.087	230.4824561
10.088	229.2293233
10.089	229.2293233
10.09	230.1065163
10.091	228.9786967
10.092	228.7280702
10.093	229.10401
10.094	229.10401
10.095	229.8558897
10.096	230.3571429
10.097	229.8558897
10.098	229.10401
10.099	229.4799499
10.1	230.4824561
10.101	230.1065163
10.102	229.6052632
10.103	229.7305764
10.104	229.10401
10.105	228.1015038
10.106	228.9473684
10.107	227.8508772
10.108	226.9736842
10.109	227.3496241
10.11	227.9761905
10.111	227.8508772
10.112	227.7255639
10.113	228.320802
10.114	229.0413534
10.115	229.4172932
10.116	230.7957393
10.117	230.9210526
10.118	230.4197995
10.119	231.7982456
10.12	231.2969925
10.121	231.547619
10.122	231.4223058
10.123	231.1716792
10.124	232.0488722
10.125	230.8270677
10.126	231.1716792
10.127	231.4223058
10.128	230.1691729
10.129	231.9235589
10.13	233.302005
10.131	233.4273183
10.132	234.179198
10.133	234.4298246
10.134	235.5263158
10.135	235.8709273
10.136	237.3433584
10.137	238.2205514
10.138	237.0927318
10.139	238.5964912
10.14	239.0977444
10.141	238.7218045
10.142	239.5989975
10.143	238.2205514
10.144	237.9699248
10.145	237.8446115
10.146	237.593985
10.147	237.7192982
10.148	235.7142857
10.149	236.2155388
10.15	237.0927318
10.151	235.8709273
10.152	236.1215539
10.153	235.8709273
10.154	235.7769424
10.155	235.9022556
10.156	235.4010025
10.157	235.6516291
10.158	235.0250627
10.159	234.7744361
10.16	235.4010025
10.161	233.8972431
10.162	233.2706767
10.163	232.2681704
10.164	230.1691729
10.165	228.9473684
10.166	228.226817
10.167	227.8508772
10.168	226.4724311
10.169	226.5977444
10.17	227.8195489
10.171	227.0676692
10.172	226.9423559
10.173	227.6629073
10.174	227.3182957
10.175	228.320802
10.176	228.8220551
10.177	229.3233083
10.178	229.4486216
10.179	229.5739348
10.18	230.2005013
10.181	230.952381
10.182	230.8270677
10.183	231.5789474
10.184	231.7042607
10.185	230.952381
10.186	231.0776942
10.187	230.7017544
10.188	229.6992481
10.189	230.952381
10.19	231.5789474
10.191	231.3283208
10.192	231.0776942
10.193	231.9235589
10.194	232.8947368
10.195	233.39599
10.196	234.4924812
10.197	235.3696742
10.198	234.7431078
10.199	236.4974937
10.2	235.9962406
10.201	235.6203008
10.202	235.2443609
10.203	234.1165414
10.204	233.9912281
10.205	232.6441103
10.206	232.1741855
10.207	231.3283208
10.208	229.197995
10.209	230.8270677
10.21	232.2055138
10.211	232.2055138
10.212	232.7067669
10.213	232.4561404
10.214	233.1766917
10.215	233.302005
10.216	233.5526316
10.217	234.8057644
10.218	233.6779449
10.219	235.056391
10.22	236.0588972
10.221	236.3095238
10.222	238.1578947
10.223	240.5075188
10.224	243.2330827
10.225	246.7105263
10.226	250.0626566
10.227	253.5714286
10.228	254.8245614
10.229	258.9598997
10.23	264.9749373
10.231	269.3609023
10.232	276.754386
10.233	284.5238095
10.234	293.0451128
10.235	302.1616541
10.236	310.1503759
10.237	317.8884712
10.238	325.2506266
10.239	332.3621554
10.24	338.8471178
10.241	343.1077694
10.242	346.1152882
10.243	349.122807
10.244	350.3759398
10.245	352.6315789
10.246	354.2606516
10.247	355.764411
10.248	356.3909774
10.249	357.2681704
10.25	358.0200501
10.251	356.0150376
10.252	353.5087719
10.253	351.0025063
10.254	347.3684211
10.255	344.3609023
10.256	341.7293233
10.257	338.0952381
10.258	335.4636591
10.259	333.0827068
10.26	329.8245614
10.261	326.8170426
10.262	323.5588972
10.263	321.1779449
10.264	317.7944862
10.265	314.5363409
10.266	313.6591479
10.267	312.406015
10.268	310.2756892
10.269	310.5263158
10.27	309.8997494
10.271	309.273183
10.272	308.5213033
10.273	309.0225564
10.274	310.2756892
10.275	310.7769424
10.276	311.7794486
10.277	312.0300752
10.278	311.9047619
10.279	314.4110276
10.28	315.6641604
10.281	315.6641604
10.282	315.6641604
10.283	315.6641604
10.284	316.1654135
10.285	313.6591479
10.286	311.6541353
10.287	310.2756892
10.288	307.0175439
10.289	306.641604
10.29	305.764411
10.291	304.7619048
10.292	306.1403509
10.293	307.0175439
10.294	308.8972431
10.295	311.0275689
10.296	312.406015
10.297	314.4110276
10.298	313.9097744
10.299	315.037594
10.3	316.5413534
10.301	315.914787
10.302	316.9172932
10.303	316.5413534
10.304	317.0426065
10.305	317.4185464
10.306	316.9172932
10.307	317.4185464
10.308	317.1679198
10.309	319.047619
10.31	321.1779449
10.311	320.0501253
10.312	319.924812
10.313	320.5513784
10.314	321.679198
10.315	325.3132832
10.316	329.6992481
10.317	335.2130326
10.318	340.9774436
10.319	346.3659148
10.32	352.1303258
10.321	356.2656642
10.322	360.7769424
10.323	366.0401003
10.324	369.4235589
10.325	373.0576441
10.326	377.0676692
10.327	379.9498747
10.328	381.8295739
10.329	383.8345865
10.33	386.4661654
10.331	387.2180451
10.332	386.9674185
10.333	386.5914787
10.334	383.9598997
10.335	379.8245614
10.336	375.9398496
10.337	370.3007519
10.338	365.4135338
10.339	361.9047619
10.34	356.7669173
10.341	351.8796992
10.342	345.8646617
10.343	340.726817
10.344	335.9649123
10.345	331.2030075
10.346	326.0651629
10.347	320.4260652
10.348	314.160401
10.349	310.4010025
10.35	306.1403509
10.351	302.0050125
10.352	297.7443609
10.353	294.1102757
10.354	291.3533835
10.355	288.0952381
10.356	285.5889724
10.357	282.9573935
10.358	279.4486216
10.359	278.0701754
10.36	275.9711779
10.361	273.6215539
10.362	272.2431078
10.363	269.6428571
10.364	266.8859649
10.365	265.5075188
10.366	263.5025063
10.367	263.377193
10.368	260.745614
10.369	261.3721805
10.37	261.4974937
10.371	260.3696742
10.372	260.745614
10.373	260.6203008
10.374	260.9962406
10.375	261.3721805
10.376	261.7481203
10.377	261.9987469
10.378	261.4974937
10.379	261.3721805
10.38	261.8734336
10.381	260.0250627
10.382	259.8997494
10.383	258.9285714
10.384	257.3308271
10.385	257.2055138
10.386	255.8270677
10.387	255.075188
10.388	252.9448622
10.389	252.3182957
10.39	252.8195489
10.391	251.0651629
10.392	250.1879699
10.393	249.5614035
10.394	248.433584
10.395	247.9323308
10.396	246.9611529
10.397	245.7393484
10.398	245.2380952
10.399	244.6115288
10.4	244.7368421
10.401	243.358396
10.402	242.2305764
10.403	241.2280702
10.404	239.8809524
10.405	238.0325815
10.406	237.406015
10.407	235.5576441
10.408	234.6804511
10.409	233.5526316
10.41	233.6779449
10.411	233.4273183
10.412	233.302005
10.413	233.8032581
10.414	233.8032581
10.415	233.8032581
10.416	234.6804511
10.417	234.3045113
10.418	234.179198
10.419	235.1817043
10.42	235.1817043
10.421	235.4323308
10.422	235.056391
10.423	234.3045113
10.424	234.6804511
10.425	233.3333333
10.426	234.4298246
10.427	234.0538847
10.428	233.6779449
10.429	234.3045113
10.43	234.6804511
10.431	234.179198
10.432	234.8057644
10.433	235.1817043
10.434	237.0300752
10.435	237.6253133
10.436	238.9724311
10.437	239.4736842
10.438	238.2205514
10.439	239.7243108
10.44	239.4736842
10.441	239.4736842
10.442	239.9749373
10.443	238.9724311
10.444	238.8471178
10.445	237.7506266
10.446	237.1240602
10.447	237.1240602
10.448	236.1215539
10.449	235.6203008
10.45	236.2468672
10.451	234.273183
10.452	233.8972431
10.453	233.39599
10.454	233.2706767
10.455	233.1453634
10.456	232.0175439
10.457	232.2681704
10.458	230.764411
10.459	231.0150376
10.46	230.8897243
10.461	229.6365915
10.462	229.2606516
10.463	228.5087719
10.464	227.5062657
10.465	226.4097744
10.466	225.3132832
10.467	224.9373434
10.468	224.8120301
10.469	224.3107769
10.47	226.4097744
10.471	226.2844612
10.472	226.4097744
10.473	227.6629073
10.474	228.414787
10.475	230.6390977
10.476	231.8922306
10.477	233.6466165
10.478	234.5238095
10.479	235.1503759
10.48	236.1528822
10.481	236.4035088
10.482	236.4035088
10.483	237.5313283
10.484	237.406015
10.485	237.406015
10.486	237.2807018
10.487	237.0300752
10.488	237.9072682
10.489	237.406015
10.49	238.4085213
10.491	238.6591479
10.492	238.283208
10.493	238.9097744
10.494	238.7844612
10.495	238.283208
10.496	238.4085213
10.497	237.9072682
10.498	238.5338346
10.499	239.2857143
10.5	239.4110276
10.501	239.4110276
10.502	238.283208
10.503	237.5313283
10.504	237.1553885
10.505	235.933584
10.506	236.0588972
10.507	234.6804511
10.508	233.6779449
10.509	233.302005
10.51	233.302005
10.511	232.6754386
10.512	232.2994987
10.513	232.8007519
10.514	234.273183
10.515	234.1478697
10.516	235.0250627
10.517	235.4010025
10.518	234.6491228
10.519	235.4010025
10.52	235.1503759
10.521	234.273183
10.522	234.8997494
10.523	233.6466165
10.524	233.7719298
10.525	232.424812
10.526	232.1741855
10.527	232.6754386
10.528	232.0488722
10.529	232.1741855
10.53	233.4273183
10.531	232.424812
10.532	232.8007519
10.533	232.9260652
10.534	233.7719298
10.535	235.4949875
10.536	235.4949875
10.537	236.8734336
10.538	236.4974937
10.539	237.5
10.54	238.6278195
10.541	237.8759398
10.542	238.377193
10.543	237.5
10.544	236.7481203
10.545	236.5288221
10.546	235.6829574
10.547	235.1817043
10.548	234.6804511
10.549	233.5526316
10.55	235.3070175
10.551	234.3045113
10.552	234.179198
10.553	234.5551378
10.554	233.5526316
10.555	234.1478697
10.556	233.8972431
10.557	234.273183
10.558	233.8972431
10.559	233.7719298
10.56	233.6466165
10.561	233.0200501
10.562	233.0200501
10.563	233.0200501
10.564	231.5162907
10.565	230.6390977
10.566	230.1691729
10.567	229.197995
10.568	229.0726817
10.569	227.9448622
10.57	228.6967419
10.571	228.320802
10.572	227.8195489
10.573	228.0701754
10.574	228.6967419
10.575	229.0726817
10.576	230.0438596
10.577	230.4197995
10.578	230.5451128
10.579	232.1741855
10.58	232.2994987
10.581	232.424812
10.582	232.0488722
10.583	232.2994987
10.584	232.1741855
10.585	231.2969925
10.586	232.0175439
10.587	232.0175439
10.588	231.7669173
10.589	232.0175439
10.59	232.518797
10.591	232.3934837
10.592	232.6441103
10.593	232.518797
10.594	233.6152882
10.595	233.6152882
10.596	234.5864662
10.597	235.2130326
10.598	234.4611529
10.599	235.9649123
10.6	236.2155388
10.601	236.2155388
10.602	236.8421053
10.603	236.716792
10.604	237.593985
10.605	236.8734336
10.606	236.1528822
10.607	236.4035088
10.608	235.4010025
10.609	235.4010025
10.61	236.4035088
10.611	236.0275689
10.612	236.6541353
10.613	236.0275689
10.614	236.4035088
10.615	236.6541353
10.616	236.7794486
10.617	237.5313283
10.618	236.5288221
10.619	236.7794486
10.62	237.2807018
10.621	235.7769424
10.622	236.0275689
10.623	234.8997494
10.624	233.7719298
10.625	233.39599
10.626	232.8947368
10.627	233.1453634
10.628	234.1478697
10.629	234.7744361
10.63	237.7819549
10.631	239.5363409
10.632	242.4185464
10.633	246.9298246
10.634	251.0651629
10.635	256.4223058
10.636	260.2756892
10.637	265.2568922
10.638	270.3634085
10.639	274.8433584
10.64	280.4511278
10.641	284.8057644
10.642	290.037594
10.643	295.89599
10.644	300.7518797
10.645	305.1378446
10.646	309.6491228
10.647	312.5313283
10.648	315.6641604
10.649	317.4185464
10.65	320.5513784
10.651	322.4310777
10.652	323.1829574
10.653	324.4360902
10.654	324.4360902
10.655	325.3132832
10.656	325.6892231
10.657	325.1879699
10.658	325.6892231
10.659	327.1929825
10.66	327.9448622
10.661	328.9473684
10.662	329.197995
10.663	330.075188
10.664	331.7042607
10.665	333.2080201
10.666	335.2130326
10.667	337.7192982
10.668	339.2230576
10.669	340.2255639
10.67	342.6065163
10.671	343.8596491
10.672	345.2380952
10.673	346.9924812
10.674	349.8746867
10.675	352.2556391
10.676	354.0100251
10.677	355.2631579
10.678	353.8847118
10.679	353.5087719
10.68	352.2556391
10.681	349.2481203
10.682	346.8671679
10.683	342.7318296
10.684	338.7218045
10.685	333.9598997
10.686	329.8245614
10.687	326.6917293
10.688	323.0576441
10.689	318.6716792
10.69	315.6641604
10.691	311.4035088
10.692	308.39599
10.693	304.6365915
10.694	301.754386
10.695	299.2481203
10.696	295.4887218
10.697	292.8571429
10.698	289.8496241
10.699	286.1215539
10.7	284.3671679
10.701	280.764411
10.702	278.414787
10.703	276.0338346
10.704	273.8095238
10.705	270.6766917
10.706	268.0451128
10.707	266.0401003
10.708	265.2882206
10.709	262.6566416
10.71	262.6566416
10.711	260.4010025
10.712	258.39599
10.713	258.0200501
10.714	257.518797
10.715	258.1453634
10.716	258.0200501
10.717	257.518797
10.718	257.7694236
10.719	257.1741855
10.72	257.9260652
10.721	257.6754386
10.722	256.8295739
10.723	257.1741855
10.724	256.9235589
10.725	256.1716792
10.726	255.7957393
10.727	254.5426065
10.728	254.4172932
10.729	253.6654135
10.73	254.2919799
10.731	254.5426065
10.732	253.5401003
10.733	253.0388471
10.734	253.0388471
10.735	253.5401003
10.736	254.9185464
10.737	257.1428571
10.738	259.4924812
10.739	262.3433584
10.74	265.820802
10.741	270.1754386
10.742	274.6867168
10.743	279.6992481
10.744	285.839599
10.745	291.3533835
10.746	297.2431078
10.747	303.5087719
10.748	308.5213033
10.749	314.160401
10.75	320.3007519
10.751	325.0626566
10.752	330.5764411
10.753	335.3383459
10.754	339.9749373
10.755	343.7343358
10.756	346.1152882
10.757	348.1203008
10.758	347.9949875
10.759	348.1203008
10.76	346.9924812
10.761	343.6090226
10.762	340.4761905
10.763	335.839599
10.764	330.7017544
10.765	326.4411028
10.766	321.1779449
10.767	317.7944862
10.768	314.0350877
10.769	309.7744361
10.77	307.7694236
10.771	303.3834586
10.772	300.1253133
10.773	297.4937343
10.774	294.3609023
10.775	292.6065163
10.776	290.4761905
10.777	289.0977444
10.778	287.0927318
10.779	284.4924812
10.78	283.0200501
10.781	280.5451128
10.782	278.7907268
10.783	277.6629073
10.784	274.906015
10.785	273.7781955
10.786	271.6478697
10.787	269.8934837
10.788	269.141604
10.789	267.1365915
10.79	267.6378446
10.791	267.0112782
10.792	267.1365915
10.793	269.3922306
10.794	271.3972431
10.795	273.7781955
10.796	277.1616541
10.797	279.1666667
10.798	284.0225564
10.799	289.1290727
10.8	295.112782
10.801	301.0025063
10.802	307.1428571
10.803	313.283208
10.804	318.7969925
10.805	323.433584
10.806	328.5714286
10.807	332.7067669
10.808	336.5914787
10.809	340.726817
10.81	345.112782
10.811	347.7443609
10.812	349.122807
10.813	350.1253133
10.814	351.6290727
10.815	351.754386
10.816	352.6315789
10.817	352.1303258
10.818	350.877193
10.819	349.3734336
10.82	346.9924812
10.821	343.358396
10.822	340.4761905
10.823	336.716792
10.824	333.9598997
10.825	330.075188
10.826	326.9423559
10.827	324.9373434
10.828	321.9298246
10.829	319.4235589
10.83	318.4210526
10.831	316.1654135
10.832	314.5363409
10.833	312.5313283
10.834	311.4035088
10.835	310.5263158
10.836	307.7694236
10.837	305.764411
10.838	302.6315789
10.839	298.7781955
10.84	296.0213033
10.841	292.0426065
10.842	288.6904762
10.843	285.5576441
10.844	282.0802005
10.845	279.9498747
10.846	276.9423559
10.847	274.3107769
10.848	272.1804511
10.849	268.9223058
10.85	268.0451128
10.851	265.037594
10.852	263.283208
10.853	262.0300752
10.854	260.2756892
10.855	259.8997494
10.856	259.5238095
10.857	258.5526316
10.858	258.8032581
10.859	257.9573935
10.86	258.0827068
10.861	257.9573935
10.862	256.9862155
10.863	256.8609023
10.864	255.4824561
10.865	254.7305764
10.866	253.8533835
10.867	252.6002506
10.868	253.1015038
10.869	252.3496241
10.87	253.4774436
10.871	253.7280702
10.872	253.3521303
10.873	254.2293233
10.874	254.4799499
10.875	254.10401
10.876	254.5739348
10.877	254.3233083
10.878	254.8245614
10.879	254.4486216
10.88	254.4486216
10.881	254.0726817
10.882	253.0701754
10.883	251.4724311
10.884	250.5012531
10.885	249.0288221
10.886	248.5275689
10.887	247.0238095
10.888	245.6453634
10.889	244.3922306
10.89	243.5150376
10.891	242.387218
10.892	241.1340852
10.893	240.2568922
10.894	240.1315789
10.895	238.9097744
10.896	238.5338346
10.897	238.4085213
10.898	238.0325815
10.899	237.1553885
10.9	236.5288221
10.901	235.7769424
10.902	235.7769424
10.903	234.3984962
10.904	233.8972431
10.905	232.5501253
10.906	231.8295739
10.907	231.8295739
10.908	231.5789474
10.909	231.3283208
10.91	234.2105263
10.911	236.716792
10.912	241.60401
10.913	246.4912281
10.914	252.9761905
10.915	259.8370927
10.916	265.820802
10.917	273.3082707
10.918	280.7957393
10.919	288.7844612
10.92	298.2769424
10.921	305.8897243
10.922	315.1315789
10.923	324.122807
10.924	332.7380952
10.925	340.8521303
10.926	348.6215539
10.927	356.2656642
10.928	364.5363409
10.929	369.4235589
10.93	375.3132832
10.931	377.6942356
10.932	379.6992481
10.933	381.5789474
10.934	382.0802005
10.935	382.9573935
10.936	383.2080201
10.937	381.9548872
10.938	380.075188
10.939	376.9423559
10.94	374.0601504
10.941	369.047619
10.942	363.6591479
10.943	358.6466165
10.944	353.7593985
10.945	348.6215539
10.946	343.8596491
10.947	338.4711779
10.948	334.4611529
10.949	329.4486216
10.95	326.4411028
10.951	323.1829574
10.952	319.5488722
10.953	317.0426065
10.954	314.5363409
10.955	310.9022556
10.956	309.1478697
10.957	306.3909774
10.958	303.1328321
10.959	301.6290727
10.96	299.7493734
10.961	297.4937343
10.962	295.4887218
10.963	293.1077694
10.964	291.8546366
10.965	290.4761905
10.966	289.0977444
10.967	287.8446115
10.968	286.2155388
10.969	285.0877193
10.97	283.8345865
10.971	282.3308271
10.972	281.4536341
10.973	280.2005013
10.974	279.9498747
10.975	279.197995
10.976	279.3233083
10.977	279.6992481
10.978	278.1954887
10.979	278.8220551
10.98	279.0726817
10.981	277.8508772
10.982	277.2243108
10.983	275.8458647
10.984	274.5927318
10.985	273.2142857
10.986	271.0839599
10.987	270.8333333
10.988	269.8308271
10.989	269.0789474
10.99	270.5827068
10.991	269.7055138
10.992	270.0814536
10.993	269.9561404
10.994	269.5802005
10.995	269.4548872
10.996	269.3295739
10.997	269.8308271
10.998	268.4837093
10.999	268.0137845
11	268.6090226
11.001	267.1365915
11.002	266.0401003
11.003	264.5676692
11.004	263.2205514
11.005	262.3433584
11.006	260.9649123
11.007	259.2105263
11.008	258.9598997
11.009	256.2030075
11.01	256.3283208
11.011	254.8245614
11.012	253.8220551
11.013	254.0726817
11.014	253.4461153
11.015	252.6942356
11.016	252.6942356
11.017	253.2894737
11.018	254.6365915
11.019	256.3909774
11.02	259.4924812
11.021	261.5914787
11.022	264.1917293
11.023	266.2907268
11.024	267.7944862
11.025	268.9223058
11.026	271.0526316
11.027	271.9298246
11.028	274.1854637
11.029	274.6867168
11.03	276.4411028
11.031	278.320802
11.032	279.3233083
11.033	281.0776942
11.034	282.8320802
11.035	283.2080201
11.036	284.085213
11.037	283.7092732
11.038	281.6102757
11.039	279.8558897
11.04	277.7568922
11.041	274.4047619
11.042	271.9298246
11.043	269.3295739
11.044	267.4498747
11.045	264.943609
11.046	263.0639098
11.047	261.4348371
11.048	259.6804511
11.049	258.6779449
11.05	257.8007519
11.051	256.4223058
11.052	256.0463659
11.053	255.9210526
11.054	257.5501253
11.055	259.8057644
11.056	261.0588972
11.057	263.6591479
11.058	265.037594
11.059	266.6353383
11.06	268.6090226
11.061	269.5802005
11.062	271.4285714
11.063	272.1804511
11.064	272.6817043
11.065	273.1829574
11.066	272.556391
11.067	273.3082707
11.068	273.3082707
11.069	272.8070175
11.07	274.3107769
11.071	273.9348371
11.072	273.5588972
11.073	272.8070175
11.074	270.3007519
11.075	269.1729323
11.076	267.5438596
11.077	266.0714286
11.078	264.9749373
11.079	263.0012531
11.08	261.7794486
11.081	259.0538847
11.082	256.3283208
11.083	254.3546366
11.084	251.0025063
11.085	249.4047619
11.086	247.3057644
11.087	245.4260652
11.088	244.2982456
11.089	242.0426065
11.09	241.4160401
11.091	240.6641604
11.092	239.6616541
11.093	239.4110276
11.094	238.7844612
11.095	238.4085213
11.096	238.7531328
11.097	237.7506266
11.098	238.0012531
11.099	237.7506266
11.1	237.8759398
11.101	237.7506266
11.102	237.1240602
11.103	237.5
11.104	237.2493734
11.105	236.4974937
11.106	236.1215539
11.107	235.6203008
11.108	235.745614
11.109	235.9962406
11.11	236.7481203
11.111	236.622807
11.112	236.9987469
11.113	238.0012531
11.114	239.254386
11.115	240.2568922
11.116	242.8571429
11.117	245.5827068
11.118	247.6817043
11.119	250.2819549
11.12	252.8822055
11.121	254.4799499
11.122	256.2030075
11.123	257.2994987
11.124	258.6466165
11.125	260.4010025
11.126	262.6566416
11.127	265.7894737
11.128	268.1704261
11.129	271.1779449
11.13	275.3132832
11.131	278.320802
11.132	281.8295739
11.133	286.4661654
11.134	291.2280702
11.135	295.3634085
11.136	298.4962406
11.137	301.5037594
11.138	303.5087719
11.139	305.3884712
11.14	307.8947368
11.141	309.0225564
11.142	310.9022556
11.143	312.5313283
11.144	312.6566416
11.145	312.7819549
11.146	312.0300752
11.147	310.7769424
11.148	310.0250627
11.149	307.8947368
11.15	308.1453634
11.151	306.0150376
11.152	302.7568922
11.153	300.3759398
11.154	297.7443609
11.155	295.112782
11.156	293.8596491
11.157	292.2305764
11.158	290.8521303
11.159	288.4711779
11.16	287.2180451
11.161	284.7431078
11.162	282.612782
11.163	280.7330827
11.164	278.3521303
11.165	275.4699248
11.166	273.8408521
11.167	270.7080201
11.168	269.9561404
11.169	267.575188
11.17	267.0739348
11.171	265.9461153
11.172	263.6904762
11.173	262.1867168
11.174	261.3095238
11.175	259.179198
11.176	258.302005
11.177	256.5789474
11.178	255.3571429
11.179	254.2606516
11.18	252.8822055
11.181	251.0338346
11.182	249.0601504
11.183	246.8358396
11.184	245.2380952
11.185	243.0137845
11.186	242.0426065
11.187	239.9122807
11.188	237.6879699
11.189	236.5601504
11.19	235.4323308
11.191	233.9598997
11.192	232.9573935
11.193	231.7042607
11.194	231.9548872
11.195	231.2343358
11.196	230.7330827
11.197	230.858396
11.198	229.8558897
11.199	229.6052632
11.2	229.8558897
11.201	228.9786967
11.202	229.3546366
11.203	228.3521303
11.204	228.226817
11.205	227.9761905
11.206	227.2556391
11.207	227.8508772
11.208	227.3496241
11.209	227.4749373
11.21	229.5739348
11.211	229.5739348
11.212	230.7017544
11.213	231.3283208
11.214	232.0488722
11.215	233.6466165
11.216	234.5238095
11.217	236.1528822
11.218	237.1553885
11.219	236.6541353
11.22	238.4085213
11.221	238.0325815
11.222	238.1578947
11.223	238.0325815
11.224	236.7794486
11.225	236.5288221
11.226	235.4323308
11.227	234.2105263
11.228	233.8345865
11.229	231.8295739
11.23	232.7067669
11.231	231.9548872
11.232	231.0776942
11.233	232.9573935
11.234	233.9598997
11.235	237.4373434
11.236	242.2932331
11.237	247.3997494
11.238	254.6365915
11.239	260.745614
11.24	267.481203
11.241	274.5927318
11.242	280.3258145
11.243	286.4348371
11.244	291.7919799
11.245	296.8984962
11.246	302.6315789
11.247	306.641604
11.248	312.2807018
11.249	316.6666667
11.25	321.9298246
11.251	326.566416
11.252	329.197995
11.253	332.2055138
11.254	333.7092732
11.255	332.5814536
11.256	332.0802005
11.257	330.2005013
11.258	327.8195489
11.259	325.3132832
11.26	322.0551378
11.261	319.2982456
11.262	316.7919799
11.263	313.9097744
11.264	311.6541353
11.265	308.6466165
11.266	306.8922306
11.267	304.5112782
11.268	301.8796992
11.269	300.2506266
11.27	299.2481203
11.271	296.6165414
11.272	295.8646617
11.273	293.4837093
11.274	292.8571429
11.275	291.60401
11.276	289.9749373
11.277	289.2230576
11.278	287.593985
11.279	286.0902256
11.28	285.3383459
11.281	282.4874687
11.282	281.4849624
11.283	279.6052632
11.284	278.3521303
11.285	276.7230576
11.286	274.8433584
11.287	273.339599
11.288	271.3345865
11.289	269.5802005
11.29	270.9586466
11.291	269.3295739
11.292	269.0789474
11.293	268.452381
11.294	267.575188
11.295	267.8258145
11.296	267.3245614
11.297	267.3245614
11.298	267.4498747
11.299	265.9774436
11.3	266.7293233
11.301	265.5075188
11.302	264.5363409
11.303	263.3145363
11.304	261.716792
11.305	261.4661654
11.306	260.839599
11.307	260.4636591
11.308	260.5889724
11.309	259.085213
11.31	259.962406
11.311	260.2130326
11.312	260.5889724
11.313	262.593985
11.314	262.7192982
11.315	262.7192982
11.316	263.9724311
11.317	264.2230576
11.318	265.3195489
11.319	265.3195489
11.32	266.5413534
11.321	266.7919799
11.322	266.5413534
11.323	267.0112782
11.324	265.8834586
11.325	264.4110276
11.326	263.7844612
11.327	262.2807018
11.328	261.1528822
11.329	260.4010025
11.33	260.1503759
11.331	259.5238095
11.332	256.8922306
11.333	255.764411
11.334	255.3884712
11.335	253.7593985
11.336	252.7882206
11.337	252.0676692
11.338	250.6892231
11.339	248.9661654
11.34	247.5877193
11.341	246.0839599
11.342	244.6115288
11.343	243.264411
11.344	244.8621554
11.345	245.9899749
11.346	248.1203008
11.347	252.2556391
11.348	255.764411
11.349	260.9022556
11.35	268.0451128
11.351	274.4360902
11.352	282.7067669
11.353	290.6015038
11.354	298.8721805
11.355	307.4874687
11.356	314.4736842
11.357	323.0889724
11.358	330.2005013
11.359	337.3120301
11.36	345.0501253
11.361	351.2844612
11.362	358.1453634
11.363	362.2807018
11.364	365.037594
11.365	368.7969925
11.366	371.1779449
11.367	373.5588972
11.368	375.3132832
11.369	374.8120301
11.37	377.1929825
11.371	376.0651629
11.372	375.5639098
11.373	374.9373434
11.374	373.1829574
11.375	372.8070175
11.376	371.1779449
11.377	369.7994987
11.378	368.6716792
11.379	365.6641604
11.38	364.5363409
11.381	361.6541353
11.382	358.6466165
11.383	356.3909774
11.384	352.5062657
11.385	347.9949875
11.386	343.6090226
11.387	337.593985
11.388	333.5839599
11.389	327.9448622
11.39	324.6867168
11.391	320.3007519
11.392	316.0401003
11.393	313.283208
11.394	310.2756892
11.395	306.8922306
11.396	304.6365915
11.397	301.1278195
11.398	299.6240602
11.399	296.9924812
11.4	294.2669173
11.401	291.9172932
11.402	289.066416
11.403	286.4348371
11.404	283.5526316
11.405	280.1691729
11.406	278.1641604
11.407	275.2819549
11.408	273.0263158
11.409	270.7706767
11.41	270.018797
11.411	268.5150376
11.412	266.7606516
11.413	265.3822055
11.414	265.1315789
11.415	264.0037594
11.416	263.8784461
11.417	263.8784461
11.418	262.1553885
11.419	262.5
11.42	262.1240602
11.421	261.2468672
11.422	260.2756892
11.423	259.4298246
11.424	259.179198
11.425	258.302005
11.426	257.424812
11.427	256.9235589
11.428	255.7957393
11.429	254.4172932
11.43	255.2944862
11.431	254.9185464
11.432	254.6679198
11.433	254.9185464
11.434	255.4197995
11.435	255.9210526
11.436	254.4486216
11.437	255.5451128
11.438	254.6992481
11.439	253.6967419
11.44	253.9473684
11.441	252.6942356
11.442	252.1929825
11.443	251.0964912
11.444	249.6240602
11.445	248.4022556
11.446	247.2744361
11.447	245.89599
11.448	245.1441103
11.449	243.264411
11.45	243.7656642
11.451	242.7631579
11.452	241.1340852
11.453	240.8834586
11.454	240.5075188
11.455	241.3533835
11.456	241.4786967
11.457	241.2280702
11.458	241.4786967
11.459	240.4761905
11.46	240.8521303
11.461	239.5989975
11.462	237.9699248
11.463	237.4686717
11.464	236.3408521
11.465	234.8684211
11.466	234.6491228
11.467	232.5501253
11.468	231.6729323
11.469	229.6679198
11.47	230.2944862
11.471	230.1691729
11.472	229.1666667
11.473	228.6654135
11.474	228.414787
11.475	227.8195489
11.476	228.1954887
11.477	228.6967419
11.478	229.0726817
11.479	228.9473684
11.48	230.075188
11.481	232.0802005
11.482	233.8032581
11.483	236.0275689
11.484	239.7556391
11.485	242.8571429
11.486	248.4649123
11.487	253.6027569
11.488	258.9912281
11.489	264.7556391
11.49	271.6478697
11.491	277.9135338
11.492	286.3095238
11.493	294.9561404
11.494	304.4486216
11.495	313.5651629
11.496	322.4310777
11.497	331.547619
11.498	339.2857143
11.499	346.8984962
11.5	353.5087719
11.501	358.2706767
11.502	363.1578947
11.503	365.4135338
11.504	367.5438596
11.505	367.6691729
11.506	367.9197995
11.507	368.1704261
11.508	366.5413534
11.509	364.9122807
11.51	365.2882206
11.511	362.0300752
11.512	359.5238095
11.513	355.764411
11.514	352.3809524
11.515	349.4987469
11.516	345.7393484
11.517	342.8571429
11.518	339.5989975
11.519	335.7142857
11.52	333.8345865
11.521	329.3233083
11.522	325.9398496
11.523	322.4310777
11.524	318.7969925
11.525	315.2882206
11.526	311.1528822
11.527	308.0200501
11.528	305.764411
11.529	301.754386
11.53	300.877193
11.531	297.3684211
11.532	294.6115288
11.533	292.9824561
11.534	290.3508772
11.535	289.7243108
11.536	289.9749373
11.537	289.8496241
11.538	291.4786967
11.539	291.9799499
11.54	295.112782
11.541	297.4937343
11.542	299.4987469
11.543	303.6340852
11.544	306.641604
11.545	310.7769424
11.546	315.5388471
11.547	319.924812
11.548	326.566416
11.549	331.9548872
11.55	339.3483709
11.551	346.2406015
11.552	351.5037594
11.553	357.7694236
11.554	363.1578947
11.555	367.0426065
11.556	371.3032581
11.557	373.8095238
11.558	375.6892231
11.559	376.4411028
11.56	377.3182957
11.561	377.8195489
11.562	376.566416
11.563	374.5614035
11.564	373.1829574
11.565	369.6741855
11.566	366.6666667
11.567	362.9072682
11.568	358.7719298
11.569	354.887218
11.57	351.8796992
11.571	348.7468672
11.572	345.8646617
11.573	342.1052632
11.574	339.2230576
11.575	335.5889724
11.576	332.3308271
11.577	329.5739348
11.578	326.3157895
11.579	323.9348371
11.58	323.3082707
11.581	321.5538847
11.582	321.679198
11.583	319.6741855
11.584	318.9223058
11.585	317.0426065
11.586	314.2857143
11.587	313.0325815
11.588	311.1528822
11.589	308.8972431
11.59	308.8972431
11.591	306.7669173
11.592	306.0150376
11.593	305.764411
11.594	305.5137845
11.595	306.5162907
11.596	306.2656642
11.597	306.3909774
11.598	306.1403509
11.599	303.8847118
11.6	303.3834586
11.601	300.5012531
11.602	298.8721805
11.603	297.3684211
11.604	295.112782
11.605	293.6090226
11.606	290.8521303
11.607	288.2205514
11.608	286.5914787
11.609	283.2080201
11.61	283.3333333
11.611	281.5789474
11.612	279.4486216
11.613	278.320802
11.614	275.4385965
11.615	273.8095238
11.616	272.4310777
11.617	270.0814536
11.618	268.7343358
11.619	266.3847118
11.62	264.4110276
11.621	261.8107769
11.622	258.8345865
11.623	256.735589
11.624	254.0100251
11.625	250.9085213
11.626	248.6842105
11.627	245.4573935
11.628	243.9536341
11.629	240.5701754
11.63	239.1917293
11.631	237.5626566
11.632	235.6829574
11.633	235.056391
11.634	234.8057644
11.635	234.085213
11.636	234.3358396
11.637	233.3333333
11.638	232.2055138
11.639	232.2055138
11.64	232.0802005
11.641	231.5789474
11.642	230.952381
11.643	230.3258145
11.644	230.7017544
11.645	229.4486216
11.646	229.197995
11.647	228.6967419
11.648	228.4461153
11.649	228.1954887
11.65	229.5739348
11.651	229.6992481
11.652	231.0776942
11.653	231.7042607
11.654	233.0513784
11.655	233.39599
11.656	234.5238095
11.657	236.1528822
11.658	236.6541353
11.659	237.7819549
11.66	239.4110276
11.661	239.7869674
11.662	239.9122807
11.663	239.0350877
11.664	239.4110276
11.665	240.0062657
11.666	239.2857143
11.667	239.2857143
11.668	239.160401
11.669	238.1578947
11.67	240.037594
11.671	238.6591479
11.672	238.6591479
11.673	238.5338346
11.674	238.7844612
11.675	239.254386
11.676	238.8784461
11.677	239.254386
11.678	238.377193
11.679	236.622807
11.68	237.5
11.681	236.9987469
11.682	236.4974937
11.683	236.3721805
11.684	234.1478697
11.685	233.7719298
11.686	232.8007519
11.687	232.0488722
11.688	232.0488722
11.689	230.4197995
11.69	231.2969925
11.691	230.7957393
11.692	230.4197995
11.693	231.0463659
11.694	230.7957393
11.695	232.0175439
11.696	232.1428571
11.697	232.7694236
11.698	233.8972431
11.699	233.1453634
11.7	234.3984962
11.701	235.0250627
11.702	234.6491228
11.703	235.5263158
11.704	235.0250627
11.705	235.0250627
11.706	234.9310777
11.707	234.4298246
11.708	234.8057644
11.709	234.3045113
11.71	235.5576441
11.711	236.1842105
11.712	236.1842105
11.713	237.4373434
11.714	237.9385965
11.715	238.4398496
11.716	239.6616541
11.717	240.037594
11.718	240.7894737
11.719	240.4135338
11.72	240.5388471
11.721	240.5388471
11.722	239.9122807
11.723	239.5363409
11.724	238.7844612
11.725	237.1553885
11.726	235.8082707
11.727	234.085213
11.728	233.2080201
11.729	231.9548872
11.73	231.5789474
11.731	230.2318296
11.732	229.10401
11.733	227.3809524
11.734	227.1303258
11.735	226.4097744
11.736	225.4072682
11.737	224.7807018
11.738	223.6528822
11.739	222.5250627
11.74	222.1491228
11.741	220.3947368
11.742	220.018797
11.743	219.141604
11.744	218.8909774
11.745	218.3897243
11.746	217.8884712
11.747	217.2932331
11.748	216.4473684
11.749	215.9461153
11.75	217.4185464
11.751	217.0739348
11.752	217.9197995
11.753	219.2669173
11.754	220.3634085
11.755	222.7130326
11.756	223.5902256
11.757	224.8433584
11.758	226.0964912
11.759	226.4724311
11.76	229.4799499
11.761	229.2293233
11.762	229.4799499
11.763	230.2318296
11.764	230.1065163
11.765	230.4824561
11.766	231.0776942
11.767	231.3283208
11.768	231.8295739
11.769	231.0776942
11.77	233.4273183
11.771	233.9285714
11.772	233.5526316
11.773	233.8032581
11.774	233.302005
11.775	233.8032581
11.776	234.4298246
11.777	235.056391
11.778	235.4323308
11.779	234.9310777
11.78	235.4323308
11.781	235.4323308
11.782	234.179198
11.783	234.0538847
11.784	232.8007519
11.785	231.2030075
11.786	230.8270677
11.787	229.6052632
11.788	229.981203
11.789	228.226817
11.79	228.4774436
11.791	228.9786967
11.792	228.3521303
11.793	228.3521303
11.794	228.6967419
11.795	229.2919799
11.796	229.9185464
11.797	230.4197995
11.798	230.4197995
11.799	230.4197995
11.8	230.9210526
11.801	231.547619
11.802	231.547619
11.803	231.7982456
11.804	232.424812
11.805	232.0488722
11.806	232.1741855
11.807	231.2969925
11.808	231.1716792
11.809	231.547619
11.81	232.424812
11.811	233.302005
11.812	234.5551378
11.813	235.1817043
11.814	236.6854637
11.815	237.6566416
11.816	238.4085213
11.817	239.6303258
11.818	241.3533835
11.819	242.7318296
11.82	244.8308271
11.821	245.7080201
11.822	247.2117794
11.823	247.3370927
11.824	248.5588972
11.825	248.6842105
11.826	248.6842105
11.827	249.6867168
11.828	249.4360902
11.829	249.4360902
11.83	251.4411028
11.831	251.6917293
11.832	253.1954887
11.833	253.320802
11.834	253.9473684
11.835	255.5451128
11.836	255.7957393
11.837	256.547619
11.838	257.518797
11.839	257.6441103
11.84	258.9912281
11.841	259.2105263
11.842	260.3070175
11.843	260.6829574
11.844	261.1528822
11.845	262.9072682
11.846	264.0350877
11.847	266.6666667
11.848	270.0501253
11.849	273.3082707
11.85	279.8245614
11.851	284.5864662
11.852	290.3508772
11.853	297.6190476
11.854	304.0100251
11.855	311.0275689
11.856	316.7919799
11.857	321.1779449
11.858	326.6917293
11.859	330.7017544
11.86	335.4636591
11.861	339.0977444
11.862	341.7293233
11.863	345.6140351
11.864	347.4937343
11.865	348.9974937
11.866	349.2481203
11.867	347.7443609
11.868	345.8646617
11.869	342.3558897
11.87	340.726817
11.871	337.593985
11.872	332.7067669
11.873	328.5714286
11.874	324.1854637
11.875	320.1754386
11.876	317.9197995
11.877	313.9097744
11.878	310.4010025
11.879	306.5162907
11.88	303.0075188
11.881	300.1253133
11.882	295.8646617
11.883	292.2305764
11.884	289.4736842
11.885	285.3383459
11.886	282.7067669
11.887	279.4486216
11.888	276.1904762
11.889	272.6817043
11.89	271.0526316
11.891	269.047619
11.892	267.5438596
11.893	266.0401003
11.894	265.6641604
11.895	264.0350877
11.896	262.6566416
11.897	262.0300752
11.898	260.4323308
11.899	259.5864662
11.9	258.6152882
11.901	256.7669173
11.902	256.0463659
11.903	253.4461153
11.904	252.4749373
11.905	251.2218045
11.906	249.4987469
11.907	248.8721805
11.908	247.7443609
11.909	246.2406015
11.91	247.1177945
11.911	245.7393484
11.912	245.6140351
11.913	244.9874687
11.914	244.4862155
11.915	245.4887218
11.916	245.018797
11.917	245.5200501
11.918	244.7681704
11.919	244.141604
11.92	245.5200501
11.921	244.5175439
11.922	244.5175439
11.923	244.141604
11.924	243.2957393
11.925	243.6716792
11.926	242.575188
11.927	242.1992481
11.928	242.0739348
11.929	240.4448622
11.93	242.3245614
11.931	241.9486216
11.932	241.4473684
11.933	242.1992481
11.934	240.9461153
11.935	241.9172932
11.936	242.0426065
11.937	242.0426065
11.938	242.2932331
11.939	241.0401003
11.94	241.0401003
11.941	240.037594
11.942	239.2857143
11.943	238.9097744
11.944	237.9072682
11.945	237.2807018
11.946	236.7794486
11.947	235.7769424
11.948	235.5263158
11.949	233.7719298
11.95	234.273183
11.951	234.3984962
11.952	233.39599
11.953	235.1503759
11.954	235.9022556
11.955	237.2493734
11.956	239.0977444
11.957	240.0689223
11.958	241.9172932
11.959	243.2957393
11.96	244.7994987
11.961	245.802005
11.962	246.1779449
11.963	246.3032581
11.964	246.8045113
11.965	246.585213
11.966	246.3659148
11.967	246.3659148
11.968	246.1152882
11.969	246.1152882
11.97	246.9924812
11.971	247.2431078
11.972	246.3659148
11.973	245.2380952
11.974	244.9874687
11.975	244.6115288
11.976	244.2669173
11.977	243.9223058
11.978	243.1704261
11.979	242.7944862
11.98	242.4185464
11.981	241.1654135
11.982	241.0401003
11.983	239.9122807
11.984	239.0350877
11.985	238.283208
11.986	236.4348371
11.987	236.3095238
11.988	235.4323308
11.989	234.3045113
11.99	235.3070175
11.991	234.8057644
11.992	235.4323308
11.993	235.056391
11.994	235.3070175
11.995	236.0275689
11.996	236.3721805
11.997	237.593985
11.998	237.9699248
11.999	237.8446115
12	239.2230576
12.001	238.4711779
12.002	238.8471178
12.003	238.9724311
12.004	238.4711779
12.005	239.943609
12.006	239.0977444
12.007	238.8471178
12.008	239.0977444
12.009	238.2205514
12.01	240.2255639
12.011	240.2255639
12.012	240.3508772
12.013	241.1027569
12.014	240.9774436
12.015	241.60401
12.016	240.8834586
12.017	240.6328321
12.018	241.0087719
12.019	239.8809524
12.02	240.7581454
12.021	240.6328321
12.022	239.3796992
12.023	239.0037594
12.024	237.0300752
12.025	236.7794486
12.026	236.6541353
12.027	235.5263158
12.028	235.1503759
12.029	233.5213033
12.03	234.0225564
12.031	234.273183
12.032	233.5213033
12.033	233.7719298
12.034	233.7719298
12.035	234.1478697
12.036	234.8997494
12.037	235.6516291
12.038	236.1528822
12.039	235.2756892
12.04	234.7744361
12.041	235.0250627
12.042	234.8997494
12.043	234.7744361
12.044	234.3984962
12.045	233.302005
12.046	232.4561404
12.047	232.3308271
12.048	231.7042607
12.049	231.4536341
12.05	232.2055138
12.051	231.9548872
12.052	232.4561404
12.053	232.9573935
12.054	234.4298246
12.055	235.1503759
12.056	235.745614
12.057	237.2180451
12.058	237.7192982
12.059	238.3458647
12.06	239.0977444
12.061	239.3483709
12.062	240.1002506
12.063	239.3483709
12.064	239.3483709
12.065	239.0977444
12.066	238.0012531
12.067	237.6253133
12.068	236.9987469
12.069	236.1215539
12.07	237.6253133
12.071	236.622807
12.072	235.8709273
12.073	234.8684211
12.074	234.4924812
12.075	234.4924812
12.076	233.5213033
12.077	234.1478697
12.078	233.5213033
12.079	232.6441103
12.08	233.0200501
12.081	231.2656642
12.082	230.1378446
12.083	229.0100251
12.084	227.6315789
12.085	227.2556391
12.086	225.783208
12.087	224.6867168
12.088	223.9348371
12.089	222.3057644
12.09	223.8095238
12.091	223.9348371
12.092	223.9348371
12.093	224.6867168
12.094	224.6867168
12.095	225.5325815
12.096	226.0338346
12.097	226.7857143
12.098	227.537594
12.099	227.1616541
12.1	228.9160401
12.101	229.4172932
12.102	229.1666667
12.103	229.9185464
12.104	228.2894737
12.105	228.414787
12.106	227.7882206
12.107	226.566416
12.108	226.0964912
12.109	224.5927318
12.11	224.8433584
12.111	225.093985
12.112	224.4674185
12.113	224.7180451
12.114	225.3446115
12.115	224.5927318
12.116	225.4699248
12.117	225.4699248
12.118	225.4699248
12.119	224.8433584
12.12	225.3446115
12.121	225.3446115
12.122	224.7180451
12.123	225.3446115
12.124	225.3446115
12.125	224.9686717
12.126	225.4699248
12.127	225.4699248
12.128	225.1253133
12.129	225.2506266
12.13	226.0025063
12.131	226.3784461
12.132	226.1278195
12.133	225.877193
12.134	227.2243108
12.135	226.3471178
12.136	226.7230576
12.137	227.2243108
12.138	226.9736842
12.139	227.2243108
12.14	228.1015038
12.141	227.8508772
12.142	228.3521303
12.143	227.6002506
12.144	227.6002506
12.145	227.4749373
12.146	226.8483709
12.147	227.5689223
12.148	226.9423559
12.149	226.4411028
12.15	228.0701754
12.151	228.4461153
12.152	229.3233083
12.153	229.9498747
12.154	231.547619
12.155	233.1453634
12.156	233.7719298
12.157	235.2756892
12.158	235.5263158
12.159	235.5263158
12.16	237.2807018
12.161	236.7794486
12.162	237.0300752
12.163	236.9047619
12.164	235.9022556
12.165	236.1528822
12.166	235.3070175
12.167	235.3070175
12.168	235.5576441
12.169	234.4298246
12.17	236.0588972
12.171	235.4323308
12.172	235.056391
12.173	235.933584
12.174	235.6829574
12.175	236.9047619
12.176	237.5
12.177	237.7506266
12.178	238.2518797
12.179	238.0012531
12.18	238.7531328
12.181	238.7531328
12.182	238.377193
12.183	238.8784461
12.184	238.377193
12.185	238.377193
12.186	238.0012531
12.187	236.9987469
12.188	237.2493734
12.189	236.2468672
12.19	237.6253133
12.191	238.0012531
12.192	237.1240602
12.193	237.6253133
12.194	237.3746867
12.195	237.0300752
12.196	238.1265664
12.197	237.7506266
12.198	237.3746867
12.199	236.8734336
12.2	236.4974937
12.201	235.9962406
12.202	234.7431078
12.203	234.2418546
12.204	233.7406015
12.205	232.518797
12.206	232.424812
12.207	230.7017544
12.208	230.2005013
12.209	229.0726817
12.21	229.4486216
12.211	229.4486216
12.212	229.8245614
12.213	229.6992481
12.214	230.7957393
12.215	230.7957393
12.216	231.7982456
12.217	232.6754386
12.218	232.424812
12.219	232.6754386
12.22	233.1766917
12.221	233.302005
12.222	233.4273183
12.223	232.2994987
12.224	231.9235589
12.225	231.0463659
12.226	230.1691729
12.227	229.7932331
12.228	228.9160401
12.229	227.6629073
12.23	229.0413534
12.231	228.1641604
12.232	228.5401003
12.233	228.2894737
12.234	228.414787
12.235	229.0100251
12.236	228.8847118
12.237	230.1378446
12.238	230.764411
12.239	231.0150376
12.24	232.0175439
12.241	231.0150376
12.242	231.0150376
12.243	230.6390977
12.244	229.5112782
12.245	230.0125313
12.246	228.7907268
12.247	228.1954887
12.248	228.1954887
12.249	226.0964912
12.25	227.3496241
12.251	226.5037594
12.252	226.0025063
12.253	226.5037594
12.254	225.783208
12.255	226.6290727
12.256	226.754386
12.257	226.5037594
12.258	226.6290727
12.259	225.3759398
12.26	226.0025063
12.261	225.6265664
12.262	225.3759398
12.263	225.7518797
12.264	224.4987469
12.265	224.4987469
12.266	224.3734336
12.267	223.6528822
12.268	223.9974937
12.269	222.8696742
12.27	224.3421053
12.271	225.2192982
12.272	224.7180451
12.273	226.0651629
12.274	226.4411028
12.275	226.8170426
12.276	228.5401003
12.277	229.9185464
12.278	232.8947368
12.279	234.9937343
12.28	237.1240602
12.281	239.3483709
12.282	240.9774436
12.283	243.9536341
12.284	247.4310777
12.285	251.0338346
12.286	255.6390977
12.287	260.0250627
12.288	264.0350877
12.289	267.9197995
12.29	273.0576441
12.291	277.443609
12.292	281.3283208
12.293	285.3383459
12.294	290.0689223
12.295	293.0764411
12.296	296.8045113
12.297	299.4360902
12.298	301.1904762
12.299	303.414787
12.3	305.1691729
12.301	306.0150376
12.302	306.0150376
12.303	304.7619048
12.304	303.8847118
12.305	302.2556391
12.306	300
12.307	298.6215539
12.308	296.2406015
12.309	293.2330827
12.31	292.9824561
12.311	290.6015038
12.312	289.2230576
12.313	287.0927318
12.314	285.9649123
12.315	284.4611529
12.316	282.4561404
12.317	281.5789474
12.318	279.9498747
12.319	278.4461153
12.32	278.4461153
12.321	277.2243108
12.322	275.9711779
12.323	274.7180451
12.324	273.5902256
12.325	274.216792
12.326	273.9661654
12.327	275.5952381
12.328	276.9736842
12.329	276.9736842
12.33	280.858396
12.331	282.2368421
12.332	284.6177945
12.333	287.7506266
12.334	289.6303258
12.335	292.1365915
12.336	294.5175439
12.337	296.3972431
12.338	297.7756892
12.339	298.0263158
12.34	299.7493734
12.341	300.1253133
12.342	299.6240602
12.343	298.7468672
12.344	296.3659148
12.345	294.1102757
12.346	290.8521303
12.347	287.4686717
12.348	285.0877193
12.349	280.5764411
12.35	278.6967419
12.351	275.9398496
12.352	271.8045113
12.353	269.5488722
12.354	267.1679198
12.355	264.4110276
12.356	262.5313283
12.357	260.4323308
12.358	257.8320802
12.359	255.2318296
12.36	253.2581454
12.361	251.4097744
12.362	249.3107769
12.363	247.462406
12.364	245.4887218
12.365	242.5125313
12.366	240.7894737
12.367	238.5651629
12.368	236.9360902
12.369	235.3070175
12.37	234.8057644
12.371	234.179198
12.372	232.9260652
12.373	232.2994987
12.374	232.9260652
12.375	232.2055138
12.376	232.5814536
12.377	233.5839599
12.378	233.2080201
12.379	233.9598997
12.38	234.5864662
12.381	234.3358396
12.382	234.4611529
12.383	234.3358396
12.384	235.5889724
12.385	235.0877193
12.386	235.8082707
12.387	236.8107769
12.388	236.6854637
12.389	236.6854637
12.39	239.5676692
12.391	239.943609
12.392	241.3220551
12.393	241.4473684
12.394	243.4210526
12.395	245.018797
12.396	246.1152882
12.397	247.7130326
12.398	247.8383459
12.399	247.7130326
12.4	249.3421053
12.401	248.4649123
12.402	248.7155388
12.403	247.8383459
12.404	247.7130326
12.405	246.8671679
12.406	245.3947368
12.407	244.8934837
12.408	243.8909774
12.409	241.0087719
12.41	241.8859649
12.411	240.3822055
12.412	239.254386
12.413	238.7531328
12.414	237.5
12.415	237.3746867
12.416	236.9047619
12.417	236.4035088
12.418	235.9022556
12.419	234.3984962
12.42	235.1503759
12.421	234.273183
12.422	233.0200501
12.423	232.3934837
12.424	230.764411
12.425	230.3884712
12.426	229.4172932
12.427	228.9160401
12.428	229.0413534
12.429	227.7882206
12.43	229.4172932
12.431	230.6704261
12.432	230.4197995
12.433	231.4223058
12.434	232.0488722
12.435	233.0200501
12.436	234.8684211
12.437	236.2468672
12.438	237.2493734
12.439	237.7506266
12.44	238.7531328
12.441	240.2568922
12.442	241.0087719
12.443	241.7606516
12.444	242.0112782
12.445	242.1365915
12.446	242.8884712
12.447	242.5125313
12.448	243.0137845
12.449	242.2619048
12.45	242.387218
12.451	242.6378446
12.452	242.0112782
12.453	241.6353383
12.454	241.8859649
12.455	241.5100251
12.456	241.7293233
12.457	241.8546366
12.458	241.4786967
12.459	241.9799499
12.46	241.8546366
12.461	241.1027569
12.462	240.9774436
12.463	239.9749373
12.464	239.9749373
12.465	238.6278195
12.466	237.9072682
12.467	237.9072682
12.468	237.2807018
12.469	236.1528822
12.47	237.2807018
12.471	237.406015
12.472	238.283208
12.473	238.5338346
12.474	239.160401
12.475	239.9122807
12.476	240.4135338
12.477	241.4160401
12.478	240.7894737
12.479	240.914787
12.48	241.7919799
12.481	240.914787
12.482	240.914787
12.483	240.1629073
12.484	239.0350877
12.485	239.5363409
12.486	237.8132832
12.487	237.4373434
12.488	237.5626566
12.489	235.8082707
12.49	237.8132832
12.491	236.8107769
12.492	236.5601504
12.493	237.1867168
12.494	237.0614035
12.495	238.283208
12.496	238.283208
12.497	239.0350877
12.498	239.7869674
12.499	238.9097744
12.5	240.2882206
12.501	240.037594
12.502	239.6616541
12.503	240.2882206
12.504	238.9097744
12.505	238.6591479
12.506	238.3145363
12.507	237.4686717
12.508	237.4686717
12.509	235.3383459
12.51	236.8421053
12.511	237.2180451
12.512	236.2155388
12.513	236.5914787
12.514	236.716792
12.515	237.3120301
12.516	238.1578947
12.517	238.4085213
12.518	239.6616541
12.519	240.037594
12.52	240.5388471
12.521	240.7894737
12.522	240.5388471
12.523	240.4135338
12.524	240.4135338
12.525	239.2857143
12.526	239.3796992
12.527	239.6303258
12.528	240.1315789
12.529	239.8809524
12.53	241.7606516
12.531	242.6378446
12.532	243.6403509
12.533	244.5175439
12.534	246.3972431
12.535	246.8984962
12.536	247.9949875
12.537	248.9661654
12.538	249.0914787
12.539	250.2192982
12.54	251.0964912
12.541	250.9711779
12.542	251.8483709
12.543	251.8483709
12.544	252.7255639
12.545	251.8796992
12.546	251.3784461
12.547	251.2531328
12.548	250.1253133
12.549	248.6215539
12.55	250
12.551	249.6240602
12.552	249.2481203
12.553	248.7468672
12.554	249.6240602
12.555	250.1253133
12.556	250
12.557	250.4699248
12.558	249.9686717
12.559	249.3421053
12.56	250.5952381
12.561	249.4674185
12.562	249.4674185
12.563	248.8408521
12.564	248.8408521
12.565	248.5902256
12.566	247.1177945
12.567	247.1177945
12.568	246.6165414
12.569	244.8621554
12.57	245.9899749
12.571	245.2380952
12.572	244.6115288
12.573	244.235589
12.574	243.4837093
12.575	244.3609023
12.576	244.0162907
12.577	243.8909774
12.578	244.3922306
12.579	242.5125313
12.58	243.3897243
12.581	242.5125313
12.582	241.2593985
12.583	240.8834586
12.584	239.6616541
12.585	239.5363409
12.586	238.8157895
12.587	237.8132832
12.588	237.4373434
12.589	235.6829574
12.59	236.8107769
12.591	236.4348371
12.592	234.5864662
12.593	234.962406
12.594	233.9598997
12.595	234.8057644
12.596	236.2781955
12.597	235.9022556
12.598	237.0300752
12.599	237.1553885
12.6	237.406015
12.601	238.1578947
12.602	237.7819549
12.603	237.2807018
12.604	236.6541353
12.605	235.5263158
12.606	234.9310777
12.607	234.085213
12.608	233.2080201
12.609	231.9548872
12.61	232.8320802
12.611	233.9285714
12.612	233.1766917
12.613	233.4273183
12.614	233.4273183
12.615	232.9260652
12.616	233.8972431
12.617	234.0225564
12.618	233.5213033
12.619	233.39599
12.62	233.7719298
12.621	233.1453634
12.622	232.7694236
12.623	232.1428571
12.624	231.7669173
12.625	231.1403509
12.626	230.3884712
12.627	230.8897243
12.628	230.2631579
12.629	229.0100251
12.63	230.2631579
12.631	230.2631579
12.632	230.0125313
12.633	229.887218
12.634	230.2631579
12.635	231.0150376
12.636	231.1403509
12.637	231.8922306
12.638	232.8947368
12.639	233.0200501
12.64	235.0250627
12.641	234.3984962
12.642	235.1503759
12.643	235.7769424
12.644	236.0275689
12.645	236.2781955
12.646	235.5576441
12.647	235.6829574
12.648	236.3095238
12.649	235.056391
12.65	237.6879699
12.651	238.6904762
12.652	238.6904762
12.653	239.4423559
12.654	239.1917293
12.655	240.2882206
12.656	241.0087719
12.657	241.1340852
12.658	241.2593985
12.659	240.3822055
12.66	241.7606516
12.661	241.0087719
12.662	240.1315789
12.663	240.0062657
12.664	239.7556391
12.665	239.0037594
12.666	238.283208
12.667	236.9360902
12.668	237.1867168
12.669	235.1817043
12.67	236.4348371
12.671	237.0614035
12.672	235.5889724
12.673	235.7142857
12.674	236.3408521
12.675	236.3408521
12.676	237.1867168
12.677	237.3120301
12.678	237.4373434
12.679	237.1867168
12.68	237.4373434
12.681	237.5626566
12.682	236.0588972
12.683	235.056391
12.684	234.9310777
12.685	234.3045113
12.686	234.179198
12.687	233.4273183
12.688	232.3308271
12.689	230.8270677
12.69	231.5789474
12.691	232.6754386
12.692	232.424812
12.693	231.7982456
12.694	232.9260652
12.695	233.1766917
12.696	233.8972431
12.697	234.3984962
12.698	234.7744361
12.699	235.5263158
12.7	236.0275689
12.701	236.5288221
12.702	236.1528822
12.703	235.5263158
12.704	235.4010025
12.705	234.5238095
12.706	233.6779449
12.707	234.0225564
12.708	233.7719298
12.709	233.1453634
12.71	234.3984962
12.711	234.7744361
12.712	235.5263158
12.713	235.0250627
12.714	235.5263158
12.715	236.1528822
12.716	236.2781955
12.717	237.406015
12.718	236.9047619
12.719	236.6541353
12.72	238.0325815
12.721	238.5338346
12.722	238.283208
12.723	237.7819549
12.724	237.5313283
12.725	238.0325815
12.726	236.6854637
12.727	235.839599
12.728	235.4636591
12.729	233.5839599
12.73	234.962406
12.731	234.3358396
12.732	233.4899749
12.733	233.6152882
12.734	233.9912281
12.735	234.7117794
12.736	234.7117794
12.737	234.962406
12.738	235.7142857
12.739	234.5864662
12.74	235.4636591
12.741	235.3383459
12.742	234.7117794
12.743	234.962406
12.744	233.9598997
12.745	233.8345865
12.746	233.5839599
12.747	232.7067669
12.748	232.9573935
12.749	231.7042607
12.75	232.9573935
12.751	234.6804511
12.752	233.6779449
12.753	234.0538847
12.754	234.3045113
12.755	234.5238095
12.756	235.745614
12.757	235.9962406
12.758	236.4974937
12.759	236.3721805
12.76	236.7481203
12.761	238.0012531
12.762	236.9987469
12.763	236.4974937
12.764	236.7481203
12.765	236.2468672
12.766	235.7769424
12.767	235.056391
12.768	233.9598997
12.769	232.9573935
12.77	233.0827068
12.771	233.4586466
12.772	232.3308271
12.773	232.4561404
12.774	233.0827068
12.775	233.3333333
12.776	232.9573935
12.777	233.7092732
12.778	233.7092732
12.779	234.085213
12.78	233.9598997
12.781	233.9598997
12.782	234.085213
12.783	233.3333333
12.784	233.2080201
12.785	232.8320802
12.786	232.2055138
12.787	233.0513784
12.788	232.5501253
12.789	231.547619
12.79	233.6779449
12.791	233.9285714
12.792	233.8032581
12.793	234.5551378
12.794	235.933584
12.795	238.283208
12.796	239.5050125
12.797	240.9774436
12.798	242.4498747
12.799	242.8258145
12.8	245.3007519
12.801	245.802005
12.802	246.4285714
12.803	246.8045113
12.804	246.4285714
12.805	247.2744361
12.806	246.773183
12.807	247.6503759
12.808	248.2769424
12.809	246.6478697
12.81	249.0288221
12.811	249.906015
12.812	248.9035088
12.813	248.4022556
12.814	247.9010025
12.815	247.7756892
12.816	247.7756892
12.817	247.3057644
12.818	247.9323308
12.819	246.7105263
12.82	247.2117794
12.821	247.0864662
12.822	245.8333333
12.823	246.0839599
12.824	244.9874687
12.825	243.7656642
12.826	242.8884712
12.827	241.5100251
12.828	241.3847118
12.829	239.0037594
12.83	239.0037594
12.831	239.3796992
12.832	238.1265664
12.833	237.7506266
12.834	238.0012531
12.835	237.7506266
12.836	237.6253133
12.837	236.7481203
12.838	236.2468672
12.839	235.3696742
12.84	234.7431078
12.841	233.9912281
12.842	232.1115288
12.843	231.1090226
12.844	230.6077694
12.845	228.5087719
12.846	227.2869674
12.847	226.0651629
12.848	224.9686717
12.849	223.9661654
12.85	224.8433584
12.851	225.5952381
12.852	225.7205514
12.853	226.0964912
12.854	227.0989975
12.855	227.8195489
12.856	229.0413534
12.857	230.8897243
12.858	232.2681704
12.859	233.6466165
12.86	235.7769424
12.861	237.406015
12.862	238.0325815
12.863	238.6591479
12.864	239.9122807
12.865	241.2593985
12.866	241.5100251
12.867	242.7318296
12.868	243.358396
12.869	242.7318296
12.87	245.6140351
12.871	246.2406015
12.872	246.2406015
12.873	246.7418546
12.874	247.6190476
12.875	248.4962406
12.876	248.3709273
12.877	248.1203008
12.878	247.9949875
12.879	246.8671679
12.88	246.9924812
12.881	246.4912281
12.882	244.8621554
12.883	244.1102757
12.884	242.1365915
12.885	241.1340852
12.886	239.9122807
12.887	238.1892231
12.888	237.3120301
12.889	233.8032581
12.89	234.3045113
12.891	233.6779449
12.892	231.0776942
12.893	230.3258145
12.894	229.6992481
12.895	229.3546366
12.896	229.4799499
12.897	228.6027569
12.898	228.7280702
12.899	227.9761905
12.9	227.8508772
12.901	228.7280702
12.902	226.7230576
12.903	227.0989975
12.904	226.5977444
12.905	225.9711779
12.906	226.566416
12.907	226.6917293
12.908	227.1929825
12.909	226.3157895
12.91	228.1954887
12.911	230.5451128
12.912	230.9210526
12.913	231.6729323
12.914	233.6466165
12.915	234.1165414
12.916	236.2155388
12.917	237.3433584
12.918	238.3458647
12.919	239.8496241
12.92	240.4761905
12.921	242.1052632
12.922	241.8546366
12.923	241.60401
12.924	242.1052632
12.925	241.1340852
12.926	240.2882206
12.927	240.1629073
12.928	238.9411028
12.929	237.5626566
12.93	237.9385965
12.931	237.3120301
12.932	236.3095238
12.933	234.8057644
12.934	234.9310777
12.935	234.3045113
12.936	233.4273183
12.937	233.1766917
12.938	231.4223058
12.939	230.5451128
12.94	230.7957393
12.941	229.6679198
12.942	228.414787
12.943	226.660401
12.944	225.2819549
12.945	224.2794486
12.946	222.0551378
12.947	221.679198
12.948	220.5827068
12.949	218.8283208
12.95	219.7055138
12.951	219.3609023
12.952	218.7656642
12.953	218.6403509
12.954	218.0451128
12.955	219.047619
12.956	219.047619
12.957	219.6741855
12.958	220.1754386
12.959	219.2982456
12.96	220.6766917
12.961	221.9298246
12.962	221.679198
12.963	222.8070175
12.964	222.1804511
12.965	223.0576441
12.966	222.9323308
12.967	223.0263158
12.968	223.7781955
12.969	223.1516291
12.97	225.3759398
12.971	227.6002506
12.972	227.2556391
12.973	228.8533835
12.974	230.8270677
12.975	232.8007519
12.976	235.2756892
12.977	236.6541353
12.978	238.283208
12.979	239.160401
12.98	240.1629073
12.981	241.7919799
12.982	240.5388471
12.983	241.4160401
12.984	241.4160401
12.985	241.6666667
12.986	241.6666667
12.987	240.6954887
12.988	240.6954887
12.989	239.5676692
12.99	239.3170426
12.991	240.037594
12.992	238.8157895
12.993	237.4373434
12.994	237.1867168
12.995	236.3095238
12.996	236.0588972
12.997	235.8082707
12.998	234.8057644
12.999	234.3045113
13	234.179198